Tên dự án,Giá,Diện tích,Phòng ngủ,Phòng vệ sinh,Vị trí,Định Vị,Latitude,Longitude
"ĐỘC QUYỀN! QUỸ NGOẠI GIAO CĐT MELODY LINH ĐÀM CHỈ 54TR/M2,CHIẾT KHẤU 8%,TẶNG 1 CÂY VÀNG,VIEW HỒ ĐẸP","3,6 tỷ",68 m²,2,2,"Hoàng Mai, Hà Nội"," Đường Bằng Liệt,  Phường Hoàng Liệt,  Hoàng Mai,  Hà Nội",20.966795,105.824457
"TIN GIÁ THẬT. EM HIỆP CHUYÊN BÁN CĂN HỘ LUMIERE RIVERSIDE, QUẬN 2. ĐÃ CÓ SỔ HỒNG","8,9 tỷ","74,2 m²",2,2,"Quận 2, Hồ Chí Minh"," Đường Võ Nguyên Giáp,  Phường An Phú,  Quận 2,  Hồ Chí Minh",10.7365876,106.7120245
"NHẬN NHÀ Ở HOẶC CHO THUÊ NGAY, CHIẾT KHẤU LÊN ĐẾN 12% GTCH. GIÁ TRỰC TIẾP TỪ CHỦ ĐẦU TƯ PHÚ ĐÔNG","2,72 tỷ","68,2 m²",2,2,"Dĩ An, Bình Dương"," Đường An Bình,  Phường An Bình,  Dĩ An,  Bình Dương",10.87141891,106.7551239
"ĐỘC QUYỀN 10 CĂN TẦNG TRUNG VIEW HỒ, STUDIO - 1PN - 2PN-3PN, CHIẾT KHẤU NGAY 18,5% KÝ TRỰC TIẾP CĐT",Giá thỏa thuận,60 m²,2,2,"Đông Anh, Hà Nội"," Xã Đông Hội,  Đông Anh,  Hà Nội",21.13968625,105.8518553
"1PN-2PN-3PN VINHOMES Q9 CẮT LỖ 500-1.2 TỶ, CAM KẾT GIÁ RẺ HƠN 100 - 200TR LH 0931 896 *** XEM NHÀ","2,65 tỷ",60 m²,2,2,"Quận 9, Hồ Chí Minh"," Phường Long Thạnh Mỹ,  Quận 9,  Hồ Chí Minh",10.7589554,106.6730492
"(TIN THẬT) CỰC HIẾM, BÁN NHÀ QUẬN TÂN BÌNH, MT 6M, PHÂN LÔ VỈA HÈ, Ô TÔ TRÁNH, KHÔNG LỖI, XÂY CCMN","12,5 tỷ",121 m²,3,3,"Tân Bình, Hồ Chí Minh","Đường Phạm Văn Bạch, Phường 14, Tân Bình, Hồ Chí Minh",10.7937663,106.6419696
"BÁN CĂN 2N2VS 65M2, FULL ĐỒ, HƯỚNG ĐÔNG BẮC MÁT MẺ, GIÁ CHỈ 3.06 TỶ","3,06 tỷ",65 m²,2,2,"Gia Lâm, Hà Nội"," Xã Dương Xá,  Gia Lâm,  Hà Nội",21.0046345,105.970087
"HOT! TỔNG HỢP RỔ HÀNG CHUYỂN NHƯỢNG SWANBAY MỚI NHẤT T3/2025, NHIỀU CĂN GIÁ TỐT NHẤT, VỊ TRÍ ĐẸP",18 tỷ,320 m²,3,3,"Nhơn Trạch, Đồng Nai"," Xã Đại Phước,  Nhơn Trạch,  Đồng Nai",10.7355009,106.8171232
"BÁN CĂN HỘ CHUNG CƯ TẠI VINHOMES OCEAN PARK GIA LÂM, 2,48 TỶ, 48M2, HÀNG HIẾM GIÁ SIÊU HỜI","2,48 tỷ",48 m²,1,1,"Gia Lâm, Hà Nội"," Xã Dương Xá,  Gia Lâm,  Hà Nội",21.0046345,105.970087
"MỞ BÁN PHÂN KHU DIAMOND, TT20% CÒN LẠI GÓP 3 NĂM 0% LS, LH EM ĐỂ CÓ ƯU ĐÃI TỐT NHẤT - 0935 686 ***","4,4 tỷ",85 m²,2,2,"Tân Phú, Hồ Chí Minh"," Đường N1,  Phường Sơn Kỳ,  Tân Phú,  Hồ Chí Minh",10.80369491,106.6148742
"Bán nhanh căn hộ 2 ngủ 71m2 tại chung cư A5 hoac Viện Quân Y, sổ đỏ nhà mới bàn giao giá 4. X tỷ lh","4,1 tỷ",71 m²,2,2,"Hà Đông, Hà Nội"," Phố Phùng Hưng,  Phường Phúc La,  Hà Đông,  Hà Nội",20.9728547,105.7833134
ĐƯỜNG LẠC LONG QUÂN F9 TÂN BÌNH 60M 4TẦNG 9TY2 4PN 3WC,"9,2 tỷ",60 m²,4,4,"Tân Bình, Hồ Chí Minh","Đường Lạc Long Quân, Phường 9, Tân Bình, Hồ Chí Minh",10.77491314,106.6481678
"Cần bán nhanh nên giảm 111 triệu căn 3PN Tứ Hiệp Plaza, đầy đủ nội thất tâm huyết, sổ đỏ chính chủ",Giá thỏa thuận,84 m²,3,2,"Thanh Trì, Hà Nội","Tứ Hiệp Plaza, Xã Tứ Hiệp, Thanh Trì, Hà Nội",20.95253485,105.8519668
"Siêu hiếm chỉ ""95tr/m2""! Bán gấp CHDV 3 tầng 170m2 - Ngang 5m - 21 phòng dòng tiền ""80tr/tháng""","16,3 tỷ",170 m²,21,21,"Bình Thạnh, Hồ Chí Minh","Đường Nguyễn Xí, Phường 26, Bình Thạnh, Hồ Chí Minh",10.81695364,106.7061509
"Bán nhà thổ cư - Hà Đông, Hà Nội 67m2 sổ đỏ giá 8.5 tỷ lh 0878 800 ***","8,5 tỷ","67,7 m²",4,3,"Hà Đông, Hà Nội","Đường Hoàng Văn Thụ, Phường Dương Nội, Hà Đông, Hà Nội",20.9809284,105.74637
Chính chủ cần bán gấp villa nghỉ dưỡng Venus Flamingo Đại Lải không qua trung gian 0922 211 ***,"9,5 tỷ",180 m²,4,4,"Phúc Yên, Vĩnh Phúc"," Xã Ngọc Thanh,  Phúc Yên,  Vĩnh Phúc",21.2332705,105.7035505
"Bán Nhà đẹp 1 trệt 2 lầu, ngay đường Nguyễn Ái Quốc, Tân Hiệp - vị trí kinh doanh - Giảm sâu","5,3 tỷ",68 m²,3,3,"Biên Hòa, Đồng Nai","Đường Nguyễn Ái Quốc, Phường Tân Hiệp, Biên Hòa, Đồng Nai",10.96737482,106.8564429
Không ở tôi bán căn hộ chung cư Berriver No2 3PN+2WC 113m2 giá 8 tỷ bao thuế phí có thương lượng.,8 tỷ,113 m²,3,2,"Long Biên, Hà Nội","Berriver Jardin Long Biên, Nguyễn Văn Cừ, Bồ Đề, Long Biên, Hà Nội",21.04122651,105.8694521
"Bán NR 3PN, 3WC tại Nguyễn Súy, Tân Quý, Tân Phú, 52m2",Giá thỏa thuận,52 m²,3,3,"Tân Phú, Hồ Chí Minh","Đường Nguyễn Súy, Phường Tân Quý, Tân Phú, Hồ Chí Minh",10.79295816,106.6225122
"Căn hộ 2PN The Beverly Solari Vinhomes Grand Park giá 2,9 tỷ thanh toán dài hạn 2 đến 3 năm","2,9 tỷ",59 m²,2,2,"Quận 9, Hồ Chí Minh"," Phường Long Bình,  Quận 9,  Hồ Chí Minh",10.7589554,106.6730492
"Nhà mới đường 28A phường Bình Trị Đông B - khu Tên Lửa cạnh siêu thị Coopmart đường 19 - 4,5m x 20m","12,5 tỷ",90 m²,5,5,"Bình Tân, Hồ Chí Minh","Đường 28A, Phường Bình Trị Đông B, Bình Tân, Hồ Chí Minh",10.75425635,106.614243
"Căn hộ The Beverly Solari giá 1,862 tỷ thanh toán dài hạn 2 đến 3 năm ưu đãi lãi suất lên đến 2 năm","1,86 tỷ",30 m²,1,1,"Quận 9, Hồ Chí Minh"," Phường Long Thạnh Mỹ,  Quận 9,  Hồ Chí Minh",10.7589554,106.6730492
"Bán Nhà 5 Tầng THANG MÁY, Ô TÔ TRÁNH - 37m, khu giãn dân Mỗ Lao, Hà Đông, Chính Chủ - Chỉ hơn 9 Tỷ",9 tỷ,37 m²,3,4,"Hà Đông, Hà Nội","Mỗ Lao, Đường Vũ Trọng Khánh, Phường Mỗ Lao, Hà Đông, Hà Nội",20.9821715,105.7842539
"Bán căn hộ Vinhomes Grand Park 2 phòng ngủ, 2 toilet giá chỉ 2 tỷ 650 sẵn sổ hồng công chứng ngay","2,65 tỷ",67 m²,2,2,"Quận 9, Hồ Chí Minh"," Đường Nguyễn Xiển,  Phường Long Thạnh Mỹ,  Quận 9,  Hồ Chí Minh",10.7589554,106.6730492
"BÁN NHÀ MỚI 7 tầng HOÀNG CẦU 15,5tỷ * DT 50m2* MT 4,1m* Nở Hậu - thang máy - Full nội thất",15 tỷ,50 m²,3,3,"Đống Đa, Hà Nội","Phường Ô Chợ Dừa, Đống Đa, Hà Nội",21.0213924,105.8250224
Nhà 1 trệt 1 lầu 64m . Kdc Lê phong tân bình dĩ an,"3,2 tỷ",64 m²,3,2,"Dĩ An, Bình Dương","Đường Lê Hồng Phong, Phường Tân Bình, Dĩ An, Bình Dương",10.9367255,106.762126
Cắt lỗ 800 triệu căn hộ góc 2 phòng ngủ cộng 1 phòng plus origami có nội thất giá chỉ 3tỷ2,"3,2 tỷ",70 m²,3,2,"Quận 9, Hồ Chí Minh"," Đường Phước Thiện,  Phường Long Bình,  Quận 9,  Hồ Chí Minh",10.7589554,106.6730492
"Nhà đường 27 khu Tên Lửa - Bình Tân, cạnh nhà có 2 công viên lớn - diện tích: 4mx20m xây 3,5 lầu","9,6 tỷ",80 m²,4,5,"Bình Tân, Hồ Chí Minh","Đường 27, Phường Bình Trị Đông B, Bình Tân, Hồ Chí Minh",10.7504813,106.6128383
"Bán nhà 65 Mậu Thân , TP Phan Thiết, sát siêu thị Coop Mart 88m2 = 5,8 tỷ . Cách Biển 1km","5,8 tỷ",88 m²,1,1,"Phan Thiết, Bình Thuận","65 Đường Mậu Thân, Phường Bình Hưng, Phan Thiết, Bình Thuận",10.9284228,108.1054967
Nhà bán 1 lầu ngay chợ 640tr bao sang tên,640 triệu,20 m²,2,1,"Quận 12, Hồ Chí Minh","Đường Tô Ngọc Vân, Phường Thạnh Xuân, Quận 12, Hồ Chí Minh",10.86530336,106.6746732
"Cắt lỗ căn 1PN + 1 phân khu The Beverly Solari giá chỉ 2,350tỷ hỗ trợ vay ngân hàng 60% - 70%","2,35 tỷ","43,09 m²",1,1,"Quận 9, Hồ Chí Minh"," Phường Long Bình,  Quận 9,  Hồ Chí Minh",10.7589554,106.6730492
"HOT! BÁN CĂN SIÊU PHẨM GIÁ CỰC TỐT CHỈ 3TỶ250 (TL)/51.7m2 - NGAY NGUYỄN CÔNG HOAN, P7, PHÚ NHUẬN","3,25 tỷ",52 m²,4,3,"Phú Nhuận, Hồ Chí Minh","Nguyễn Công Hoan, Phường 7, Phú Nhuận",10.79847715,106.6904929
"Giảm 300 triệu bán gấp nhà 2 mặt tiền đường Sương Nguyệt Ánh, 4x17, hoàn thiện mới 100% có nội thât","1,89 tỷ",100 m²,2,2,"Rạch Giá, Kiên Giang","Đường Sương Nguyệt Ánh, Phường Vĩnh Lạc, Rạch Giá, Kiên Giang",9.9931437,105.0931342
"Chính chủ bán nhà phố Trung Kính, Cầu Giấy","8,2 tỷ",45 m²,9,9,"Cầu Giấy, Hà Nội","Ngõ 43, Phố Trung Kính, Phường Trung Hòa, Cầu Giấy, Hà Nội",21.01665806,105.7939798
Hạ Giá Cần Bán Gấp Nhà Mặt Tiền Đường Lũy Bán Bích Q.TP DT 18x30m trệt 3 lầu HĐT 220tr giá 60 tỷ,60 tỷ,540 m²,20,20,"Tân Phú, Hồ Chí Minh","Đường Lũy Bán Bích, Phường Tân Thành, Tân Phú, Hồ Chí Minh",10.78945323,106.6381594
"Bán nhà tiện CHDV 12x23m (240m2) hẻm 8m Xô Viết Nghệ Tĩnh, GPXD hầm trệt 5L sân thượng, giá 20.9 tỷ","20,9 tỷ",240 m²,3,4,"Bình Thạnh, Hồ Chí Minh","Đường Xô Viết Nghệ Tĩnh, Phường 25, Bình Thạnh, Hồ Chí Minh",10.80633469,106.7115558
"Bán căn hộ 2PN 2WC chung cư Swanlake The Onsen Ecopark. 72m2 view hồ sân golf tòa R2 giá 5,1 tỷ","5,1 tỷ",72 m²,2,2,"Văn Giang, Hưng Yên"," Xã Xuân Quan,  Văn Giang,  Hưng Yên",20.9577012,105.9161321
"Bán nhà 7tầng,phố Trạm,60m,thang máy,gara 2 ô tô,kinh doanh đa dạng,nội thất sang sịn,16xty","16,8 tỷ",60 m²,4,7,"Long Biên, Hà Nội","Đường Phố Trạm, Phường Long Biên, Long Biên, Hà Nội",21.0209967,105.8862185
"Bán nhà Trần Thái Tông, Nhà mới - Full nội thất, 5T - Hiện Đại, Giá: 6 tỷ",6 tỷ,30 m²,3,4,"Cầu Giấy, Hà Nội","Đường Trần Thái Tông, Phường Dịch Vọng Hậu, Cầu Giấy, Hà Nội",21.0365503,105.7858195
"Bán nhà rẻ nhất KV Yên Nghĩa, chỉ 3.25 tỷ sở hữu căn 4 tầng, 32m2 ngõ thông ô tô đỗ cửa. 0966 929 ***","3,25 tỷ",32 m²,4,4,"Hà Đông, Hà Nội","Phường Yên Nghĩa, Hà Đông, Hà Nội",20.951446,105.7351127
"Tôi bán gấp: Căn 4T, DT: 109M2, MT:7M.Đ/C: KĐT Đặng Xá, Gia Lâm, HN. Cho thuê dòng tiền ổn định .",14 tỷ,109 m²,5,5,"Gia Lâm, Hà Nội"," Đường Nguyễn Đức Thuận,  Xã Đặng Xá,  Gia Lâm,  Hà Nội",21.01193795,105.9511607
"Chính chủ cần chuyển đổi căn rộng hơn nên bán gấp căn 2PN1VS giá 3,62 tỷ full nội thất mơi cao cấp","3,62 tỷ","55,2 m²",2,1,"Nam Từ Liêm, Hà Nội"," Đường Đại lộ Thăng Long,  Phường Tây Mỗ,  Nam Từ Liêm,  Hà Nội",21.0090956,105.7462871
"Hiếm! Chỉ 8,8 tỷ sở hữu ngay căn 4PN + 3VS, DT: 129,4m2 BC: ĐN, rẻ nhất dự án Vinhomes West Point","8,8 tỷ","129,4 m²",4,3,"Nam Từ Liêm, Hà Nội"," Đường Phạm Hùng,  Phường Mễ Trì,  Nam Từ Liêm,  Hà Nội",21.01417304,105.784808
"Chỉ với 7,95 tỷ có ngay nhà dòng tiền 35tr/tháng ở Trịnh Văn Bô, Nam Từ Liêm; DT 54m2 x 4 tầng","7,95 tỷ",54 m²,9,9,"Nam Từ Liêm, Hà Nội","Đường Trịnh Văn Bô, Phường Phương Canh, Nam Từ Liêm, Hà Nội",21.0420791,105.7313997
"Chính chủ bán căn studio tòa G3 Vinhomes Green Bay Mễ Trì - Giá 1,75 tỷ view siêu đẹp - 0974 121 ***","1,75 tỷ","28,2 m²",1,1,"Nam Từ Liêm, Hà Nội"," Đường Đại lộ Thăng Long,  Phường Mễ Trì,  Nam Từ Liêm,  Hà Nội",21.01930277,105.78074
Quỹ căn Hoàng Thành Pearl giá từ 6 tỷ sở hữu 2-3PN DT 80m2-108m2-114m2 full đồ LH 0983 051 ***,6 tỷ,80 m²,2,2,"Nam Từ Liêm, Hà Nội","Hoàng Thành Pearl, Nguyễn Văn Giáp, Cầu Diễn, Nam Từ Liêm, Hà Nội",21.02369542,105.7552656
The Pride quỹ căn 2PN DT 70 - 73 - 75m2 giá cực tốt full NT sổ đỏ liên hệ Đăng 0983 051 ***,"3,6 tỷ",73 m²,2,2,"Hà Đông, Hà Nội"," Đường Tố Hữu,  Phường La Khê,  Hà Đông,  Hà Nội",20.9696783,105.7601018
"Rẻ nhất Văn Phú! Lô góc 130m nhỉnh 36 Tỷ, 2 mặt phố, trục chính Lacasta, KD đỉnh, Mở cửa đếm tiền",Giá thỏa thuận,130 m²,4,4,"Hà Đông, Hà Nội","Khu đô thị mới Văn Phú, Lê Trọng Tấn, Phú La, Hà Đông, Hà Nội",20.9580348,105.7641533
"Siêu hiếm !!!! Nhà NGUYỄN SƠN , LONG BIÊN - KINH DOANH - VĂN PHÒNG. LÔ GÓC - ÔTÔ TRÁNH. GIÁ 19X TỶ","19,45 tỷ",74 m²,4,4,"Long Biên, Hà Nội","Đường Nguyễn Sơn, Phường Gia Thụy, Long Biên, Hà Nội",21.04544016,105.8810842
Càn bán căn 1 ngủ toà B westbay tầng cao view thoáng giá 2.180 tỷ bao phí Lh 0961 694 ***,"2,18 tỷ",45 m²,1,1,"Văn Giang, Hưng Yên","Westbay Sky Residences - Ecopark , Xã Phụng Công, Văn Giang, Hưng Yên",20.9478817,105.9237285
Căn Hộ Cao Cấp Masteri Grand View Quận 2 Mặt Tiền Liên Phường 3PN 2WC Góc 2 Mặt Tiền View Đẹp,"11,18 tỷ","113,5 m²",3,2,"Quận 2, Hồ Chí Minh","Masteri Grand View, Liên Phường, An Phú, Quận 2, Hồ Chí Minh",10.795478,106.7365254
"Bán nhà khu giãn dân Mỗ Lao, Hà Đông, diện tích 45m2, 4 tầng, hơn 7 tỷ, cách ô tô tránh 20m",Giá thỏa thuận,45 m²,3,3,"Hà Đông, Hà Nội","Đường Vũ Trọng Khánh, Phường Mỗ Lao, Hà Đông, Hà Nội",20.9821715,105.7842539
"Bán nhà 3 tầng mặt tiền kinh doanh đường 2/4, P vĩnh Phước. Thuận tiện vừa kinh doanh buôn bán","7,8 tỷ","58,5 m²",3,3,"Nha Trang, Khánh Hòa","Đường 2/4, Phường Vĩnh Phước, Nha Trang, Khánh Hòa",12.27059546,109.1975539
"Bán nhà 4 tầng vị trí kim cương Đường Thanh Bình, Mỗ Lao - Hà Đông","12,5 tỷ",32 m²,3,4,"Hà Đông, Hà Nội","Đường Thanh Bình, Phường Mỗ Lao, Hà Đông, Hà Nội",20.98078611,105.7788172
"KĐG Ngô Thì Nhậm, Hà Đông 46m 5 tầng thang máy, Ô tô vào nhà Giá hơn 11 tỷ","11,29 tỷ",46 m²,6,4,"Hà Đông, Hà Nội","Đường Ngô Thì Nhậm, Phường Hà Cầu, Hà Đông, Hà Nội",20.9649387,105.7782818
"Chính chủ cần bán nhà phố Ngô Thì Nhậm, Hà Đông, DT 45m2, 4 tầng, ô tô, nhỉnh 8 tỷ",8 tỷ,45 m²,4,3,"Hà Đông, Hà Nội","Đường Ngô Thì Nhậm, Phường Hà Cầu, Hà Đông, Hà Nội",20.9649387,105.7782818
"Bán nhà MT Trần Quang Khải (4,6mx34m, 130m2), C4 giá 41 tỷ TL",41 tỷ,130 m²,1,1,"Quận 1, Hồ Chí Minh","Đường Trần Quang Khải, Phường Tân Định, Quận 1, Hồ Chí Minh",10.79154216,106.6891095
"Mặt phố chính Văn Phú, 79m2x5T nhỉnh 21 Tỷ, Hàng xóm La Casta, View CV, KD 24/7, Xe tải tránh",Giá thỏa thuận,79 m²,5,5,"Hà Đông, Hà Nội"," Phường Phú La,  Hà Đông,  Hà Nội",20.9580348,105.7641533
+ Bán nhà 6.2m2-3 tầng-CMT8 P13Q10--1.25 tỷ,"1,25 tỷ",6 m²,2,1,"Quận 10, Hồ Chí Minh","Đường Cách Mạng Tháng Tám, Phường 13, Quận 10, Hồ Chí Minh",10.7793424,106.6706065
"Chính chủ gửi bán nhà khu lk Ngô Thì Nhậm, Hà Đông 51m2 ô tô vào nhà, 2 mặt thoáng chỉ hơn 9 tỷ","9,95 tỷ",51 m²,3,2,"Hà Đông, Hà Nội","Đường Ngô Thì Nhậm, Phường Hà Cầu, Hà Đông, Hà Nội",20.9649387,105.7782818
Em sẵn mấy lô kiot cần bán và cho thuê HH Linh Đàm giá trị ròng tiền cao Hoàng Liệt,16 tỷ,86 m²,1,1,"Hoàng Mai, Hà Nội","HH1 Linh Đàm, Linh Đường, Hoàng Liệt, Hoàng Mai, Hà Nội",20.95974673,105.8326955
"Bán nhà gần phố Lê Trọng Tấn, Hà Đông, 50m2, 4 tầng, ô tô đỗ cổng, ngõ thông, giá hơn 6 tỷ","6,29 tỷ",50 m²,4,3,"Hà Đông, Hà Nội","Đường Lê Trọng Tấn, Phường La Khê, Hà Đông, Hà Nội",20.96415289,105.7616362
"Bán ngộp nhà phố 6x20m tặng nội thất 1,3 tỷ Novaworld Phan Thiết. Giá 4, xtỷ, chìa khóa trao tay",Giá thỏa thuận,120 m²,2,3,"Phan Thiết, Bình Thuận"," Đường Lạc Long Quân,  Xã Tiến Thành,  Phan Thiết,  Bình Thuận",10.8392254,108.0394437
Tin chuẩn T2/2025 - duplex tầng Sky Garden - DT 217m2 - full - Sẵn giá 16 tỷ - HĐT 50tr/tháng,16 tỷ,217 m²,4,3,"Quận 2, Hồ Chí Minh"," Đường Phan Văn Đáng,  Phường Thạnh Mỹ Lợi,  Quận 2,  Hồ Chí Minh",10.77073175,106.7702559
"Tin chuẩn 100% - 3 phòng ngủ DT lớn 171m2 - Giá 15,5 tỷ - View trực diện hồ bơi - Tầng cao","15,5 tỷ",171 m²,3,4,"Quận 2, Hồ Chí Minh"," Đường Xa Lộ Hà Nội,  Phường An Phú,  Quận 2,  Hồ Chí Minh",10.7365876,106.7120245
Cần bán căn 1 ngủ toà B westbay giá 2.18 tỷ bao phí full đồ Lh 0961 694 ***,"2,18 tỷ",45 m²,1,1,"Văn Giang, Hưng Yên","Westbay Sky Residences - Ecopark , Xã Phụng Công, Huyện Văn Giang, Hưng Yên",20.9478817,105.9237285
"Cần Bán gấp căn BT Sun Feria Hạ Long DT 406m2 giá chỉ 90 tr/m2 bao rẻ NHẤT TT ,Cách mặt biển 150m",38 tỷ,406 m²,7,8,"Hạ Long, Quảng Ninh"," Thành phố Hạ Long,  Quảng Ninh",20.9528365,107.0800003
Mở bán đợt 1 chỉ 2 tỷ 4 sở hữu ngay căn 3N cao cấp Kepler Tower - bàn giao full nội thất nhập khẩu,"8,03 tỷ",103 m²,3,2,"Hà Đông, Hà Nội","Tháp đôi Kepler Land, Đường Vũ Trọng Khánh, Phường Mỗ Lao, Hà Đông, Hà Nội",20.9821715,105.7842539
"Mặt tiền Phan Văn Hớn, P. Tân Thới Nhất chỉ 11.5 tỉ","11,5 tỷ",72 m²,4,5,"Quận 12, Hồ Chí Minh","Đường Phan Văn Hớn, Phường Tân Thới Nhất, Quận 12, Hồ Chí Minh",10.82831212,106.6200455
"Thanh lý gấp nhà Phan Văn Hân, p.17, Bình Thạnh. Giá 3,56 tỷ, DT 60m2, LH Như 0766 372 ***, đường 5m","3,56 tỷ",60 m²,4,4,"Bình Thạnh, Hồ Chí Minh","Đường Phan Văn Hân, Phường 17, Bình Thạnh, Hồ Chí Minh",10.79427542,106.7036204
"Bán nhà chung cư mini Phùng Khoang 68m2, 7T 16 phòng, full nội thất, lô góc HĐ 80tr/tháng giá 13 tỷ",13 tỷ,68 m²,16,16,"Nam Từ Liêm, Hà Nội","Đường Phùng Khoang, Phường Trung Văn, Nam Từ Liêm, Hà Nội",20.98866422,105.7904083
"Bán nhà riêng tại An Hoà, Biên Hoà, Đồng Nai. Số nhà 580/15/3/14C Nguyễn Văn Tỏ; Sổ hồng chính chủ.","2,25 tỷ",70 m²,3,4,"Biên Hòa, Đồng Nai","Phường An Hòa, Biên Hòa, Đồng Nai",10.889287,106.8625513
Căn nhà ngay mặt tiền Tân Thới Nhất 05 chỉ 3.500 tỷ,"3,5 tỷ",64 m²,3,3,"Quận 12, Hồ Chí Minh","Đường Tân Thới Nhất 5, Phường Tân Thới Nhất, Quận 12, Hồ Chí Minh",10.82890563,106.6138427
"Bán biệt thự tại Lộc Ninh Singashine, 8,45 tỷ, 67,5m2, 5PN, 4WC","8,45 tỷ","67,5 m²",5,4,"Chương Mỹ, Hà Nội","Lộc Ninh Singashine, Đường Quốc lộ 6, Thị trấn Chúc Sơn, Chương Mỹ, Hà Nội",20.9330812,105.7208171
"Mặt tiền kinh doanh ngay TÂN THỚI NHẤT 17, kinh doanh đa ngành, đúc 4 lầu 4x19m, 10,5 tỷ","10,5 tỷ",75 m²,4,5,"Quận 12, Hồ Chí Minh","Đường Dương Thị Giang, Phường Tân Thới Nhất, Quận 12, Hồ Chí Minh",10.8225508,106.6199272
"Bán tòa CHDV Nguyễn Văn Lượng, 35 phòng 10x20m 1T4L, doanh thu 140tr/thg, gần Lotte GV, giá 22.5 tỷ","22,5 tỷ",200 m²,35,35,"Gò Vấp, Hồ Chí Minh","Đường Nguyễn Văn Lượng, Phường 17, Gò Vấp, Hồ Chí Minh",10.83862235,106.6726579
"VIP TX43 - nhà sổ hồng- 2mt trước sau- 5,45x7,5=41m2 - 5 phòng - đường thông 7m-3,68 tỷ","3,68 tỷ",41 m²,5,5,"Quận 12, Hồ Chí Minh","Đường Thạnh Xuân 43, Phường Thạnh Xuân, Quận 12, Hồ Chí Minh",10.88984714,106.6748567
Chính chủ cần bán căn hộ Vinhomes Ocean Park Đa Tốn Gia Lâm 43m2 1PN + Thoáng mát,"2,3 tỷ",43 m²,2,1,"Gia Lâm, Hà Nội"," Xã Đa Tốn,  Gia Lâm,  Hà Nội",20.9862042,105.930004
"Bán nhà gần cầu Sắt cách Gò Vấp 1km, 56m2 - 2,4 tỷ. Vườn Lài, An Phú Đông, Quận 12. LH 0765 369 ***",Giá thỏa thuận,56 m²,4,4,"Quận 12, Hồ Chí Minh","Đường Vườn Lài, Phường An Phú Đông, Quận 12, Hồ Chí Minh",10.85476746,106.6927469
"Nhà siêu rẻ Tân Xuân Hóc Môn ngay thị trấn 5x17 hẻm ô tô, sổ hồng riêng giá 2,78tỷ thương lượng","2,78 tỷ",72 m²,2,1,"Hóc Môn, Hồ Chí Minh","Đường 2, Xã Tân Xuân, Hóc Môn, Hồ Chí Minh",10.88119541,106.5967076
"Nhà phố Verosa Park full nội thất. DT 6x20m, sổ hồng sẵn, xây 1 trệt 2 lầu nội thất cao cấp, 18tỷ",18 tỷ,120 m²,4,3,"Quận 9, Hồ Chí Minh"," Đường Liên Phường,  Phường Phú Hữu,  Quận 9,  Hồ Chí Minh",10.7608529,106.7012374
Bán biệt thự vip khu Q - View sân golf Ciputra Hà Nội - DT 428m2 hướng Đông Bắc. LH: 0922 969 ***,Giá thỏa thuận,428 m²,5,4,"Tây Hồ, Hà Nội"," Đường Lạc Long Quân,  Phường Phú Thượng,  Tây Hồ,  Hà Nội",21.07332352,105.8127116
"Siêu phẩm nhà đẹp 50m2 đường Đặng Thuỳ Trâm, Bình Thạnh. Giá chỉ 2tỷ590. Sát bên ĐH Văn Lang","2,59 tỷ",50 m²,4,4,"Bình Thạnh, Hồ Chí Minh","Đường Đặng Thùy Trâm, Phường 13, Bình Thạnh, Hồ Chí Minh",10.83108614,106.7020588
"Bán nhà 86m sổ, xây 6 tầng, Full diện tích, có 12 phòng cho thuê, giá đầu tư, nhanh mới còn","16,5 tỷ",86 m²,12,12,"Thanh Xuân, Hà Nội","Phố Hạ Đình, Phường Hạ Đình, Thanh Xuân, Hà Nội",20.99074734,105.8069282
"Siêu phẩm nhà ngộp đ.Minh Phụng, p.9, Quận 11. Giá 3,23 tỷ, DT 56m2, LH Như 0766 372 ***, hẻm rộng","3,23 tỷ",56 m²,4,4,"Quận 11, Hồ Chí Minh","Đường Minh Phụng, Phường 9, Quận 11, Hồ Chí Minh",10.7704304,106.650936
"Nhà ngộp chính chủ bán Đ. Trương Quốc Dung, P10, Phú Nhuận 35m2 hẻm ba giác, sổ riêng",Giá thỏa thuận,35 m²,2,2,"Phú Nhuận, Hồ Chí Minh","Đường Trương Quốc Dung, Phường 10, Phú Nhuận, Hồ Chí Minh",10.79474408,106.6728401
Quỹ căn hộ khoáng nóng bao nội thất chưa tới 1 tỷ. view Sông Đà. làm việc trực tiếp chủ nhà,950 triệu,"32,4 m²",1,1,"Thanh Thủy, Phú Thọ"," Xã Bảo Yên,  Thanh Thủy,  Phú Thọ",21.123781,105.287858
Biệt thự đơn lập DT 460m2 full nội thất cao cấp đẹp nhất dự án Hồ cá koi DT sàn 450m2 giá 53.5 tỷ,"53,5 tỷ",460 m²,4,4,"Quận 9, Hồ Chí Minh"," Đường D3,  Phường Phước Long B,  Quận 9,  Hồ Chí Minh",10.8063168,106.7784645
"Đừng bỏ lỡ biệt thự An Lạc có hầm siêu lớn 122m2. DT đất 193m2, xây sẵn 4 tầng phong cách Châu Âu",Giá thỏa thuận,193 m²,4,5,"Hoài Đức, Hà Nội","An Lạc Green Symphony, Vân Canh, Hoài Đức, Hà Nội",21.02468975,105.7301004
"Chính chủ: Bán nhà 4 tầng - xã Tứ Hiệp - Thanh Trì MT 4.15m - DT 41,5m2 - giá 5. 5 tỷ","5,5 tỷ","41,5 m²",4,3,"Thanh Trì, Hà Nội","Xã Tứ Hiệp, Thanh Trì, Hà Nội",20.9464541,105.8553648
"Cần bán gấp nhà riêng 50m2, Nam Kỳ Khởi Nghĩa, Phường 7, Quận 3, HCM - Giá 2tỷ050 (không TL)","2,05 tỷ",50 m²,3,2,"Quận 3, Hồ Chí Minh","Đường Nam Kỳ Khởi Nghĩa, Phường Võ Thị Sáu, Quận 3, Hồ Chí Minh",10.7824775,106.6918757
"Bán gấp căn góc 2 ngủ 76m2, sẵn sổ hồng lâu dài, mua bán chính chủ giá thương lượng LH 0968 602 ***",Giá thỏa thuận,76 m²,2,2,"Hai Bà Trưng, Hà Nội","Chung cư 536A Minh Khai, số 536A, Đường Minh Khai, Phường Vĩnh Tuy, Hai Bà Trưng, Hà Nội",20.99496378,105.8675578
"Bán căn hộ biển 5 tầng thang máy đường Thạch Lam, Q.Sơn Trà, dòng tiền 50tr/th.",12 tỷ,81 m²,7,7,"Sơn Trà, Đà Nẵng","Phố Thạch Lam, Phường Phước Mỹ, Sơn Trà, Đà Nẵng",16.066197,108.2440692
"Bán nhà riêng DT 46,8m2 tại Lê Trực, P7, Bình Thạnh, HCM, sổ hồng chính chủ công chứng giá 2 tỷ 150","2,15 tỷ","46,8 m²",3,4,"Bình Thạnh, Hồ Chí Minh","Đường Lê Trực, Phường 7, Bình Thạnh, Hồ Chí Minh",10.80875758,106.6894354
"Cần bán nhà Nguyễn Khang oto cách 10m. 35m2, 5 tầng giá 7.5 tỷ TL","7,5 tỷ",35 m²,4,4,"Cầu Giấy, Hà Nội","Đường Nguyễn Khang, Phường Dịch Vọng, Cầu Giấy, Hà Nội",21.0350602,105.793398
Biệt thự khu phân lô tuyến 2 Ngô Gia Tự - Lô góc 242m2 - 3 tầng,"19,9 tỷ",242 m²,3,4,"Hải An, Hải Phòng","732, Đường Ngô Gia Tự, Phường Thành Tô, Hải An, Hải Phòng",20.82185595,106.7168918
Duy nhất căn biệt thự đơn lập 216m2 Le Jardin ParkCity vị trí cực đẹp giá 60 tỷ. LH 0931 686 ***,60 tỷ,216 m²,6,5,"Hà Đông, Hà Nội"," Đường Lê Trọng Tấn,  Phường La Khê,  Hà Đông,  Hà Nội",20.96415289,105.7616362
"Bán nhà đẹp Chế Lan Viên, cách bãi tắm biển Mỹ Khê 200m","12,7 tỷ",100 m²,3,4,"Ngũ Hành Sơn, Đà Nẵng","Đường Chế Lan Viên, Phường Mỹ An, Ngũ Hành Sơn, Đà Nẵng",16.04266538,108.2454842
"TRẦN THÁI TÔNG CẦU GIẤY , TRUNG CƯ MINI Ô TÔ ĐỖ CỬA 60M/6T , MT 4,6M SỔ VUÔNG NHỈNH 12 TỶ.( CÓ TL)",12 tỷ,60 m²,16,16,"Cầu Giấy, Hà Nội","Phường Dịch Vọng Hậu, Cầu Giấy, Hà Nội",21.0365503,105.7858195
"Bán nhà phố Ngọc Khánh Ba Đình, Lô góc, ngõ thông, kinh doanh đỉnh, DT45m2, giá ưu đãi","8,1 tỷ",45 m²,3,3,"Ba Đình, Hà Nội","Phố Ngọc Khánh, Phường Ngọc Khánh, Ba Đình, Hà Nội",21.02678349,105.8178095
"Bán nhà Melosa Garden Khang Điền DT 6x18m giá 9.4 tỷ, 0902 442 ***","9,4 tỷ",108 m²,4,4,"Quận 9, Hồ Chí Minh","Melosa Garden, 222, Đường Võ Chí Công, Phường Phú Hữu, Quận 9, Hồ Chí Minh",10.78603337,106.7909222
"Chính chủ đi nước ngoài định cư cần bán lại căn nhà mặt tiền Đỗ Trạc, An Khê",3 tỷ,128 m²,3,2,"An Khê, Gia Lai","Đường Đỗ Trạc, Phường Tây Sơn, An Khê, Gia Lai",13.9504742,108.6608142
"Bán tòa CHDV Thái Hà, lô góc 2 thoáng, DT 60tr/th, ba gác, 20m ra ô tô, thang máy, 60m","11,5 tỷ",60 m²,13,13,"Đống Đa, Hà Nội","Phố Thái Hà, Phường Trung Liệt, Đống Đa, Hà Nội",21.01060316,105.8223619
"Đất gần biển cực đẹp - đường Dương Hiến Quyền (rộng 7m) - 106m2 ngang 6,59m - giá chỉ 7,6 tỷ","7,6 tỷ",106 m²,2,1,"Nha Trang, Khánh Hòa","Đường Dương Hiến Quyền, Phường Vĩnh Hòa, Nha Trang, Khánh Hòa",12.2899347,109.2057205
"Bán nhà Melosa Garden Khang Điền, TP. Thủ Đức, DT 5x23m=115m2 giá 9.9 tỷ","9,9 tỷ",115 m²,4,5,"Quận 9, Hồ Chí Minh","Melosa Garden, Vành Đai Trong, Phú Hữu, Quận 9, Hồ Chí Minh",10.7608529,106.7012374
Bán Duplex The View Riviera Point Quận 7. tháp t8,"10,5 tỷ",137 m²,3,2,"Quận 7, Hồ Chí Minh","The View Riviera Point, Huỳnh Tấn Phát, Tân Phú, Quận 7, Hồ Chí Minh",10.7375163,106.7290511
"Cần bán gấp nhà Bạch Mã, p.15, Quận 10. Giá 3,15 tỷ, DT 52m2, LH Như 0766 372 ***, hẻm xe hơi 4m","3,15 tỷ",52 m²,2,3,"Quận 10, Hồ Chí Minh","Đường Bạch Mã, Phường 15, Quận 10, Hồ Chí Minh",10.7818399,106.6650821
"Cắt lỗ 190 triệu căn hộ Akari City MT Võ Văn Kiệt, 75m2 (có sổ) giá: 3tỷ199 Vay được 70%.0906 651 ***","3,2 tỷ",75 m²,2,2,"Bình Tân, Hồ Chí Minh"," Đường Võ Văn Kiệt,  Phường An Lạc,  Bình Tân,  Hồ Chí Minh",10.72606923,106.6198035
Bán nhà khu đấu giá 6.9 Vân Canh lô góc kinh doanh tuyệt vời. 50m2 giá 10 tỷ,10 tỷ,50 m²,4,3,"Hoài Đức, Hà Nội","Xã Vân Canh, Hoài Đức, Hà Nội",21.0349666,105.7296033
"Bán biệt thự Vườn Đào Lạc Long Quân Tây Hồ 300 m2 x 4 T X MT 20 m x giá 210 tỷ. Lô góc, vị trí đỉnh",210 tỷ,300 m²,5,4,"Tây Hồ, Hà Nội","Đường Lạc Long Quân, Phường Xuân La, Tây Hồ, Hà Nội",21.06535487,105.8100573
CẦN BÁN NHÀ TẠI HOÀNG NHƯ TIẾP-BỒ ĐỀ-LONG BIÊN 50m2x7tầng thang máy.,"11,5 tỷ",50 m²,4,4,"Long Biên, Hà Nội","Phường Bồ Đề, Quận Long Biên, Hà Nội",21.0378501,105.876133
"Bán căn nhà phố sân vườn ngang 7m tại Verosa Park. Nhà full nội thất đẹp, giá 17,5 tỷ thương lượng","17,5 tỷ",105 m²,5,5,"Quận 9, Hồ Chí Minh"," Đường Liên Phường,  Phường Phú Hữu,  Quận 9,  Hồ Chí Minh",10.7608529,106.7012374
"Cần bán căn Napoleon căn góc đẹp, tầng cao","2,33 tỷ","71,8 m²",3,2,"Nha Trang, Khánh Hòa","Napoleon Castle I, Đường Nguyễn Đình Chiểu, Phường Vĩnh Phước, Nha Trang, Khánh Hòa",12.2721422,109.1975312
Bán nhà phố Melosa Garden - căn 80m2 giá 8 tỷ - căn 108m2 giá 10 tỷ. LH 0909 121 *** xem nhà,8 tỷ,85 m²,4,5,"Quận 9, Hồ Chí Minh"," Đường Võ Chí Công,  Phường Phú Hữu,  Quận 9,  Hồ Chí Minh",10.7608529,106.7012374
"Lô góc Ngô Quyền- Hà Đông, 60m2, 7 tầng, giá 13 tỷ, Lô góc, Thang máy, Ô tô, Kinh doanh.",13 tỷ,60 m²,6,8,"Hà Đông, Hà Nội","Đường Ngô Quyền, Phường La Khê, Hà Đông, Hà Nội",20.97070576,105.7601558
"Bán gấp chung cư Masteri Thảo Điền Quận 2 tầng 15, 71m2 sổ hồng riêng Tài Trần","1,8 tỷ",71 m²,2,2,"Quận 2, Hồ Chí Minh"," Đường Xa Lộ Hà Nội,  Phường Thảo Điền,  Quận 2,  Hồ Chí Minh",10.8037248,106.7462249
Nhà ngộp 2Tỷ080Triệu ở Phạm Ngũ Lão Q1 bán gấp 40m2 để nội thất căn bản,"2,08 tỷ",40 m²,2,2,"Quận 1, Hồ Chí Minh","Đường Phạm Ngũ Lão, Phường Phạm Ngũ Lão, Quận 1, Hồ Chí Minh",10.76810343,106.6918789
HƯƠNG LỘ 2 HẺM 6M - 4 X 12 NHÀ 2 TẦNG,"3,85 tỷ",48 m²,2,2,"Bình Tân, Hồ Chí Minh","Đường Hương lộ 2, Phường Bình Trị Đông A, Bình Tân, Hồ Chí Minh",10.76765084,106.6019928
KHU TÊN LỬA NHÀ 3 TẦNG ĐÚC HẺM THÔNG 5M KINH DOANH ĐƯỢC CHỈ 5.7 ĐỒNG. - 4 X 13 MỘT trệt 2 lầu nh,"5,7 tỷ",52 m²,4,3,"Bình Tân, Hồ Chí Minh","Đường 29, Phường Bình Trị Đông B, Bình Tân, Hồ Chí Minh",10.7504813,106.6128383
"Nhà rẻ nhất khu vực - hẻm Trần Quang Khải, Tân Định, Q1. 3 tầng, 4PN, 3WC, 54m2 chỉ với 7,5 tỷ","7,5 tỷ",54 m²,4,3,"Quận 1, Hồ Chí Minh","Đường Trần Quang Khải, Phường Tân Định, Quận 1, Hồ Chí Minh",10.79154216,106.6891095
"Bán biệt thự vip nhất TP Hồ Chí Minh - The Venica Khang Điền, giá 58,5 tỷ căn Biệt thự song lập","58,5 tỷ",262 m²,4,5,"Quận 9, Hồ Chí Minh"," Đường Đỗ Xuân Hợp,  Phường Phú Hữu,  Quận 9,  Hồ Chí Minh",10.7608529,106.7012374
"0901 755 ***! CC Bán gấp CC Hateco Hoàng Mai P2009: 76,7m2 và 1518 - 52m2, full NT giá 54 tr/m2 (GDG)","2,81 tỷ",52 m²,2,1,"Hoàng Mai, Hà Nội"," Đường Trần Thủ Độ,  Phường Yên Sở,  Hoàng Mai,  Hà Nội",20.9635712,105.8701509
"NHÀ 4 TẦNG CÓ THANG MÁY, THIẾT KẾ HIỆN ĐẠI ĐƯỜNG SỐ 8 KĐT HÀ QUANG II CHỈ 10.4 TỶ","10,4 tỷ",100 m²,3,4,"Nha Trang, Khánh Hòa","Khu đô thị Lê Hồng Phong II, Lê Hồng Phong, Phước Hải, Nha Trang, Khánh Hòa",12.23097278,109.1822217
"Bán gấp nhà 20/ Kỳ Đồng, P9 Quận 3, DT 42m2, 3 phòng ngủ, sổ hồng riêng, hẻm vào 4m, giá 2 tỷ 900","2,9 tỷ",42 m²,3,3,"Quận 3, Hồ Chí Minh","20/, Phố Kỳ Đồng, Phường 9, Quận 3, Hồ Chí Minh",10.7841175,106.6824226
Bán nhà phân lô quân đội Ngọc Thụy 40m2 ngõ thông ô tô vòng quanh 6.2 tỉ,"6,2 tỷ",40 m²,1,1,"Long Biên, Hà Nội","Phường Ngọc Thụy, Long Biên, Hà Nội",21.0601064,105.8670441
"Nguyễn Kiệm, P3, Gò Vấp - 48m2 giá 4,47 tỷ/ kế siêu thị Coopmart, có hợp đồng thuê 16tr/ tháng","4,47 tỷ",48 m²,3,4,"Gò Vấp, Hồ Chí Minh","Hẻm 671, Đường Nguyễn Kiệm, Phường 3, Gò Vấp, Hồ Chí Minh",10.82027752,106.6788119
Nhà 3 tầng mới ở ngay Tân Sơn Nhì - Hẻm xe hơi - 4.4m x 14m,"6,3 tỷ",60 m²,4,4,"Tân Phú, Hồ Chí Minh","Phường Tân Sơn Nhì, Tân Phú, Hồ Chí Minh",10.7992044,106.6320132
GIỎ HÀNG ĐỘC QUYỀN AKARI CITY MUA CHÍNH CHỦ GIÁ: 47TR /97M2 THIẾT KẾ 3PM SỔ CÓ SẴN. 0906 651 ***,"4,56 tỷ",97 m²,3,2,"Bình Tân, Hồ Chí Minh"," Đường Võ Văn Kiệt,  Phường An Lạc,  Bình Tân,  Hồ Chí Minh",10.72606923,106.6198035
"Mua Nhà Đẹp, Không Cần Lo Lắng Về Chi Phí Cải Tạo tại Rạch Bùng Binh, P9, Q3|Giá 3,5 tỷ|DT 51,6m2","3,5 tỷ","51,6 m²",5,5,"Quận 3, Hồ Chí Minh","Đường Rạch Bùng Binh, Phường 9, Quận 3, Hồ Chí Minh",10.7826368,106.6796064
"Bán căn hộ 1PN Legacy Prime ở Thuận Giao, Thuận An, Bình Dương, nội thất cao cấp, hỗ trợ vay 80%","1,18 tỷ",42 m²,1,1,"Thuận An, Bình Dương"," Đường Thuận Giao 25,  Phường Thuận Giao,  Thuận An,  Bình Dương.",10.95526434,106.720032
"Nhà 4T phân lô ngõ 168 Hào Nam cách ga tàu điện 300m ngõ ô tô tránh KD tốt, DT 52m2, MT 4,3m",Giá thỏa thuận,52 m²,5,5,"Đống Đa, Hà Nội","Ngõ 168, Phố Hào Nam, Phường Ô Chợ Dừa, Đống Đa, Hà Nội",21.0264289,105.825597
"Bán căn tầng trệt, 2PN vừa ở vừa kinhd doanh, số 15, C.cư Thanh đa, mặt tiền Bình Quới, Bình Thạnh","1,9 tỷ",33 m²,2,1,"Bình Thạnh, Hồ Chí Minh","Nhà số 15, Lô B Cc Thanh Đa, Đường Bình Quới, Phường 27, Bình Thạnh, Hồ Chí Minh",10.8171505,106.7170108
Chính chủ bán căn 3PN - Full NT - Giá tốt tại tòa Eco Dream! LH: 0961 846 ***,6 tỷ,95 m²,3,2,"Thanh Trì, Hà Nội"," Xã Tân Triều,  Thanh Trì,  Hà Nội",20.9770834,105.8042144
"Bán nhà Sơn kỳ, hẻm oto, 1 trệt 2 lầu, công nhận 90m2, chỉ 6.9 tỷ",7 tỷ,90 m²,4,5,"Tân Phú, Hồ Chí Minh","Đường Đỗ Nhuận, Phường Sơn Kỳ, Tân Phú, Hồ Chí Minh",10.80405164,106.6263463
Chính chủ bán căn 3PN - DT 138m2 - Full NT - Giá tốt - Toà Bohemia Residence! LH: 0961 846 ***,9 tỷ,138 m²,3,2,"Thanh Xuân, Hà Nội"," Đường Nguyễn Huy Tưởng,  Phường Thanh Xuân Trung,  Thanh Xuân,  Hà Nội",20.9959112,105.8057609
Bán gấp nhà 62m2 Trần Quang Diệu quận 3. Chỉ 100tr/m2. Giá 6.7 tỷ (thương lượng),"6,7 tỷ",62 m²,2,2,"Quận 3, Hồ Chí Minh","Đường Trần Quang Diệu, Phường 14, Quận 3, Hồ Chí Minh",10.7890447,106.6793918
Lê Trọng Tấn - 5.1 tỷ - 3 tầng- 4.5m x 14m,"5,1 tỷ","64,2 m²",3,3,"Tân Phú, Hồ Chí Minh","Đường Lê Trọng Tấn, Phường Sơn Kỳ, Tân Phú, Hồ Chí Minh",10.81237915,106.6086211
Chính chủ bán căn 3PN DT 85m2 - Full NT - Giá tốt tại toà Riverside Garden 349 Vũ Tông Phan,"5,5 tỷ",85 m²,3,2,"Thanh Xuân, Hà Nội","Riverside Garden, Vũ Tông Phan, Khương Đình, Thanh Xuân, Hà Nội",20.99085615,105.8142827
Bán căn hộ 2PN giá sốc có 1-0-2 tại chung cư Ricca - Phường Phú Hữu - Quận 9,"2,7 tỷ","67,7 m²",2,2,"Quận 9, Hồ Chí Minh"," Đường Gò Cát,  Phường Phú Hữu,  Quận 9,  Hồ Chí Minh",10.7608529,106.7012374
"Bán nhà Dịch Vọng Hậu, Cầu Giấy 250 m2 x MT 29 m x giá 140 tỷ. Lô góc",140 tỷ,250 m²,6,6,"Cầu Giấy, Hà Nội","Phố Dịch Vọng Hậu, Phường Dịch Vọng Hậu, Cầu Giấy, Hà Nội",21.03205804,105.7869243
Phân lô quân đội - khu vip - oto tránh - thang máy - nhà đẹp như khách sạn. DT 47m2 x 7 tầng,"12,8 tỷ","46,38 m²",5,6,"Long Biên, Hà Nội","Đường Vũ Xuân Thiều, Phường Sài Đồng, Long Biên, Hà Nội",21.03157885,105.9113245
Bán nhà hẻm xe hơi Lê Trọng Tấn - 5 tầng- ngang 5.7m - nhỉnh 6 tỷ,"6,6 tỷ",70 m²,5,5,"Tân Phú, Hồ Chí Minh","Đường Lê Trọng Tấn, Phường Sơn Kỳ, Tân Phú, Hồ Chí Minh",10.81237915,106.6086211
Bán nhanh căn hộ 2PN Thảo Điền Lumiere Riverside toà West view thành phố giá 8.6 tỷ. LH 0902 896 ***,"8,6 tỷ",70 m²,2,2,"Quận 2, Hồ Chí Minh"," Đường Võ Nguyên Giáp,  Phường An Phú,  Quận 2,  Hồ Chí Minh",10.7365876,106.7120245
Bán nhà 1/ hẻm xe hơi Tây Thạnh - 3 tầng mới - 5.8 tỷ,"5,8 tỷ",63 m²,4,3,"Tân Phú, Hồ Chí Minh","Đường Tây Thạnh, Phường Tây Thạnh, Tân Phú, Hồ Chí Minh",10.8202725,106.6304133
Gần chợ Tân Hương - 3 tầng mới - DT 67m2 (6.7 x 10m) - Chỉ 6 tỷ nhỉnh,"6,5 tỷ",67 m²,3,4,"Tân Phú, Hồ Chí Minh","Đường Tân Hương, Phường Tân Quý, Tân Phú, Hồ Chí Minh",10.7898507,106.6188648
"Bán gấp! Kim Mã, dân xây, ngõ 3 gác, thông tứ tung, tặng full nội thất, mới ở ngay, 35m2*5T",Giá thỏa thuận,35 m²,3,3,"Ba Đình, Hà Nội","Phường Kim Mã, Ba Đình, Hà Nội",21.0314542,105.8249046
Bán lô góc TĐC VCN Phước Long 2 Vị trí đắc địa: Góc đường A3 (16m) & B9 (12m),Giá thỏa thuận,"68,5 m²",3,3,"Nha Trang, Khánh Hòa","Khu đô thị VCN Phước Long 2, Đường A3, Phường Phước Long, Nha Trang, Khánh Hòa",12.21526213,109.1816578
"Bán lô đất 4,5mx18,5m, tặng căn nhà trệt, lầu, hẻm gần 4m thông, giá 5,65 tỷ TL","5,65 tỷ",82 m²,2,2,"Gò Vấp, Hồ Chí Minh","Đường Phan Huy Ích, Phường 12, Gò Vấp, Hồ Chí Minh",10.83292773,106.6353737
"Bán nhà phố Lạc Trung ô tô tránh, xây dựng 92m2, 5 tầng vị trí đẹp, siêu hiếm","29,5 tỷ",92 m²,5,4,"Hai Bà Trưng, Hà Nội","Phố Lạc Trung, Phường Vĩnh Tuy, Hai Bà Trưng, Hà Nội",21.00300972,105.8682548
"Bán shophouse Vincom Biên Hòa, phường Tân Mai, 1 trệt 2 lầu sổ hồng hoàn công 124m2 giá tốt 14,7 tỷ","14,7 tỷ",124 m²,5,3,"Biên Hòa, Đồng Nai","Vincom Biên Hòa, Đường Phạm Văn Thuận, Phường Tân Mai, Biên Hòa, Đồng Nai",10.9576317,106.8434175
"Bán Tập Thể Tôn Đức Thắng - Văn Hương, nhà đẹp thoáng sang, ở luôn full đồ, 45m2 giá chì 1.85 tỷ","1,85 tỷ",45 m²,1,1,"Đống Đa, Hà Nội","Phố Tôn Đức Thắng, Phường Hàng Bột, Đống Đa, Hà Nội",21.02216763,105.8315756
"Chỉ 4,5 TỶ: NHÀ MẶT TIỀN gần sát BIỂN THANH KHÊ - ĐÀ NẴNG: 5m x 15m - 3 tầng 3 PN 3 WC","4,5 tỷ",75 m²,3,3,"Thanh Khê, Đà Nẵng","Đường Đặng Đình Vân, Phường Thanh Khê Đông, Thanh Khê, Đà Nẵng",16.07396088,108.1805919
"Bán nhà 1 trệt 2 lầu hẻm ô tô Lương Định Của 85,2m2 3tỷ500","3,5 tỷ","85,2 m²",3,2,"Nha Trang, Khánh Hòa","Phố Lương Định Của, Phường Ngọc Hiệp, Nha Trang, Khánh Hòa",12.2669813,109.1697867
Tổng quan dự án Gem Park Hải Phòng biểu tượng sống mới tại thành phố cảng,"2,73 tỷ",70 m²,3,2,"Hồng Bàng, Hải Phòng","Gem Park Hải Phòng, số 2A, Đường Hồng Bàng, Phường Sở Dầu, Hồng Bàng, Hải Phòng",20.86267589,106.65959
Bán chung cư 173 Xuân Thủy tòa Long Giang căn góc 100m 3PN full đồ giá tốt sẵn vào ở ngay,"6,8 tỷ",100 m²,3,2,"Cầu Giấy, Hà Nội","Tổ hợp 173 Xuân Thủy, Xuân Thủy, Dịch Vọng Hậu, Cầu Giấy, Hà Nội",21.03652303,105.7853934
"Thanh lý tài sản Việt Nam nhà đ. Nguyễn Trọng Tuyển, Phú Nhuận 54m2 siêu giá 2 tỷ 570 triệu","2,57 tỷ",54 m²,4,3,"Phú Nhuận, Hồ Chí Minh","Đường Nguyễn Trọng Tuyển, Phường 10, Phú Nhuận, Hồ Chí Minh",10.7953652,106.6711121
Chủ rất cần bán Nhà Phú Xá Tây Hồ 40m2 6 tầng hơn 8 tỷ cách 10m ra đường lớn Ngõ thông dân xây đẹp,"8,9 tỷ",40 m²,6,5,"Tây Hồ, Hà Nội","Đường Phú Thượng, Phường Phú Thượng, Tây Hồ, Hà Nội",21.08802534,105.8086026
"Bán chung cư 173 Xuân Thủy, Cầu Giấy căn góc tầng cao 103,5m2 3PN view thoáng đẹp","7,04 tỷ","103,5 m²",3,2,"Cầu Giấy, Hà Nội","Tổ hợp 173 Xuân Thủy, Xuân Thủy, Dịch Vọng Hậu, Cầu Giấy, Hà Nội",21.03652303,105.7853934
BÁN NHÀ XUÂN ĐỈNH TÂY HỒ NGÕ OTO THÔNG THOÁNG NHÀ MỚI ĐẸP FULL NỘI THẤT VỊ TRÍ ĐỈNH CỦA CHÓP,"10,6 tỷ",45 m²,4,4,"Tây Hồ, Hà Nội","Đường Xuân Đỉnh, Phường Xuân La, Tây Hồ, Hà Nội",21.0632614,105.8070213
"Khách sạn 4* hàng hiếm trong khu phố An Thượng gần sát biển Mỹ Khê: 300m2, 15mx20m 18 tầng 78 phòng",175 tỷ,300 m²,78,78,"Ngũ Hành Sơn, Đà Nẵng","Đường Võ Nguyên Giáp, Phường Mỹ An, Ngũ Hành Sơn, Đà Nẵng",16.05137575,108.2484248
Bán căn hộ tập thể ban tổ chức Trung Ương 195 Đội Cấn căn góc 110m2 3 thoáng nhà đẹp 4PN full đồ,"5,55 tỷ",110 m²,4,2,"Ba Đình, Hà Nội","195, Đường Đội Cấn, Phường Đội Cấn, Ba Đình, Hà Nội",21.03318665,105.8278161
"Phân lô Chùa Láng - ô tô tránh - vừa ở và kinh doanh, thang máy. DT 45m2, 6 tầng, giá 15 tỷ",15 tỷ,45 m²,4,6,"Đống Đa, Hà Nội","Phố Chùa Láng, Phường Láng Thượng, Đống Đa, Hà Nội",21.02315151,105.8018711
"Cần tiền bán nhanh căn hộ Happy Valley, cam kết giá rẻ nhất thị trường.LH: 0917 300 *** Em Hằng","7,7 tỷ",100 m²,3,2,"Quận 7, Hồ Chí Minh","Happy Valley, Nguyễn Văn Linh, Tân Phong, Quận 7, Hồ Chí Minh",10.7284906,106.7122526
"Cần tiền bán nhanh căn hộ Green Valley, PMH, Q7 nhà đẹp, vào ở ngay. LH: 0917 300 ***","6,6 tỷ",88 m²,2,2,"Quận 7, Hồ Chí Minh"," Đường Tôn Dật Tiên,  Phường Tân Phú,  Quận 7,  Hồ Chí Minh",10.73219041,106.7151131
Hàng hiếm mua ngay khách sạn 2 mặt tiền đường Phan Liêm - 130m2 ngang khủng 8m - 11 tầng 23 phòng,42 tỷ,130 m²,23,23,"Ngũ Hành Sơn, Đà Nẵng","Đường Phan Liêm, Phường Mỹ An, Ngũ Hành Sơn, Đà Nẵng",16.0549165,108.245433
Nhà tại phố Lệ Mật - Việt Hưng - 44m2 x 6 tầng thang máy - lô góc 2 mặt ngõ - ô tô vào nhà,"8,8 tỷ",44 m²,4,4,"Long Biên, Hà Nội","Phố Lệ Mật, Phường Việt Hưng, Long Biên, Hà Nội",21.05862753,105.8979979
"Căn nhà đường 30 khu Tên Lửa, vị trí trung tâm gần Coopmart, cạnh 2 công viên lớn","10,5 tỷ",98 m²,4,5,"Bình Tân, Hồ Chí Minh","Đường 30, Phường Bình Trị Đông B, Bình Tân, Hồ Chí Minh",10.7504813,106.6128383
"Suất nội bộ CĐT căn 3PN The Origami giá chỉ 4,2 tỷ view cầu vòng cực đẹp thanh toán trong 3 tháng","4,2 tỷ","81,5 m²",3,2,"Quận 9, Hồ Chí Minh"," Đường Phước Thiện,  Phường Long Bình,  Quận 9,  Hồ Chí Minh",10.7589554,106.6730492
"Bán gấp nhà Tám Danh, Quận 8, 48m2, giá 4.5 tỷ, sổ đẹp, mặt tiền 3m","4,5 tỷ",48 m²,2,2,"Quận 8, Hồ Chí Minh","Đường Tám Danh, Phường 4, Quận 8, Hồ Chí Minh",10.73989306,106.6712921
Độc quyền nhà phố Mega Village 5x17m view hồ bơi. Nội thất đang cho thuê. Gọi ngay 0982 667 ***,"8,69 tỷ",85 m²,4,3,"Quận 9, Hồ Chí Minh"," Đường Vành Đai 2,  Phường Phú Hữu,  Quận 9,  Hồ Chí Minh",10.7608529,106.7012374
"Chú Tám cần bán ngay nhà Nguyễn Xí BT chỉ 2,8Tỷ/60m2 SHR, 4PN, HĐT: 18tr/Tháng LH E ngay","2,8 tỷ",60 m²,4,3,"Bình Thạnh, Hồ Chí Minh","Đường Nguyễn Xí, Phường 26, Bình Thạnh, Hồ Chí Minh",10.81695364,106.7061509
"Biệt Thự Đang làm nhà trẻ , phù hợp ở hoặc cải tạo văn phòng , p. Hiệp Bình Chánh, Thủ Đức","25,5 tỷ",173 m²,5,5,"Thủ Đức, Hồ Chí Minh","Đường Số 25, Phường Hiệp Bình Chánh, Thủ Đức, Hồ Chí Minh",10.83251267,106.7277846
Chính chủ bán liền kề 120m2 Nadyne full nội thất giá nhỉnh 30 tỷ. LH: 0931 686 ***,31 tỷ,120 m²,5,4,"Hà Đông, Hà Nội"," Đường Lê Trọng Tấn,  Phường La Khê,  Hà Đông,  Hà Nội",20.96415289,105.7616362
"Quá Hiếm! Bán gấp Mặt phố 19/5 Văn Quán, 45m2 x 5T KD cực đỉnh, chỉ 14,6 tỷ, 2 Thoáng, Gần Hồ","14,2 tỷ",47 m²,6,6,"Hà Đông, Hà Nội","Đường 19/5, Phường Văn Quán, Hà Đông, Hà Nội",20.9783124,105.7902096
Bán nhà Xuân La thang máy 38m x 6 tầng - nội thất nhập khẩu - sân để xe thoáng rộng,"8,55 tỷ",38 m²,4,4,"Tây Hồ, Hà Nội","Phường Xuân La, Tây Hồ, Hà Nội",21.0632614,105.8070213
"BÁN NHÀ 42M 4 TẦNG LÔ GÓC 5 NGỦ 5,x tỷ PHÚC LỢI LONG BIÊN","5,5 tỷ",42 m²,5,4,"Long Biên, Hà Nội","Đường Phúc Lợi, Phường Phúc Lợi, Long Biên, Hà Nội",21.04714257,105.9233979
Chuyên BĐS mua bán chung cư FPT Plaza 3 - Hỗ trợ tìm căn theo nhu cầu khách giá đầu tư,"1,95 tỷ",56 m²,2,2,"Ngũ Hành Sơn, Đà Nẵng"," Đường Hoàng Minh Thắng,  Phường Hòa Hải,  Ngũ Hành Sơn,  Đà Nẵng",15.9822493,108.2608287
"Gần phố Vũ Trọng Khánh, Mỗ Lao, Hà Đông CC gửi bán nhà diện tích 51m 4 tầng mặt ngõ, ô tô, hơn 7 tỷ",Giá thỏa thuận,51 m²,4,3,"Hà Đông, Hà Nội","Đường Vũ Trọng Khánh, Phường Mỗ Lao, Hà Đông, Hà Nội",20.9821715,105.7842539
"BÁN NHÀ LÊ VĂN HIẾN. 50M2, 2 TẦNG, LÔ GÓC, KINH DOANH. GIÁ 8.5 TỶ","8,5 tỷ",50 m²,4,4,"Bắc Từ Liêm, Hà Nội","Đường Lê Văn Hiến, Phường Đức Thắng, Bắc Từ Liêm, Hà Nội",21.0747196,105.7730577
"Chính chủ gửi bán nhà phố Tô Hiệu, Hà Đông DT 42m2, 4 tầng, ô tô đỗ cửa, chỉ nhỉnh 8 tỷ",Giá thỏa thuận,42 m²,4,3,"Hà Đông, Hà Nội","Đường Tô Hiệu, Phường Hà Cầu, Hà Đông, Hà Nội",20.9648961,105.7729782
Cần bán gấp nhà phố Trịnh Đình Cửu 39m 4 tang 4.5mt 5.9 tỷ Hoàng Mai.,"5,9 tỷ",39 m²,4,4,"Hoàng Mai, Hà Nội","Phường Định Công, Hoàng Mai, Hà Nội",20.9826495,105.8291858
Biệt thự Ecolaskes thô hai mặt tiền giảm sâu diện tích: 250m2 - ngang: 10m - sâu 25m,"4,4 tỷ",250 m²,4,4,"Bến Cát, Bình Dương"," Đường NE2,  Phường Thới Hòa,  Bến Cát,  Bình Dương",11.11317278,106.6240005
"Bán shophouse Waterpoint giá tốt đối diện cụm căn hộ, trường học","5,3 tỷ",102 m²,6,4,"Bến Lức, Long An"," Đường Tỉnh lộ 824,  Xã An Thạnh,  Bến Lức,  Long An",10.6470245,106.4872904
"ĐẸP LUNG LINH Căn đầu hồi chỉ 2,8 tỷ tại Kim Văn Kim Lũ- 53,5m2- 2N2VS- sổ đỏ- full nội thất","2,8 tỷ","53,5 m²",2,2,"Hoàng Mai, Hà Nội","Kim Văn Kim Lũ, Đường Nghiêm Xuân Yêm, Phường Đại Kim, Hoàng Mai, Hà Nội",20.9723334,105.8205596
Duy nhất căn hộ Đạt Gia 2PN 61m full nội thất luôn đồ điện bán giá tốt 1.7 tỷ - cho thuê được 8tr,"1,7 tỷ",61 m²,2,2,"Thủ Đức, Hồ Chí Minh"," Đường Cây Keo,  Phường Tam Phú,  Thủ Đức,  Hồ Chí Minh",10.862434,106.7441358
"Chính chủ, Bán gấp CH cao cấp Antonia, Phú Mỹ Hưng 2PN nhà mới 100%","7,3 tỷ",80 m²,2,2,"Quận 7, Hồ Chí Minh"," Đường Nguyễn Lương Bằng,  Phường Tân Phú,  Quận 7,  Hồ Chí Minh",10.727068,106.7261695
"Bán nhà mặt phố tại đường Vườn Lài, Tân Thành, Tân Phú, 7.9x19m 132,3m2 đúc 3 tấm chỉ 26.5 tỷ TL","26,5 tỷ","132,3 m²",4,3,"Tân Phú, Hồ Chí Minh","Đường Vườn Lài, Phường Tân Thành, Tân Phú, Hồ Chí Minh",10.78711836,106.6291875
"Bán căn biệt thự Valy Of Dream, Ecolakes Mỹ Phước, full nội thất, giá 5 tỷ 2, giá giảm sâu","5,2 tỷ",300 m²,4,4,"Bến Cát, Bình Dương","Ecolakes Mỹ Phước, NE2, Thới Hòa, Bến Cát, Bình Dương",11.11421047,106.6493548
"Bán lúa non, chung cư xã hội Định Hòa, lầu 4 sổ hồng 300 triệu (100% tiền) Sài Gòn mua được",300 triệu,38 m²,2,1,"Thủ Dầu Một, Bình Dương"," Phường Định Hòa,  Thủ Dầu Một,  Bình Dương",11.0316433,106.6498579
"Bán Nhà riêng tại Lê Thúc Hoạch, 5,7 tỷ, 44m2, 2PN, 2WC giá Còn Thương Lượng","5,7 tỷ",44 m²,2,2,"Tân Phú, Hồ Chí Minh","Đường Lê Thúc Hoạch, Phường Phú Thọ Hòa, Tân Phú, Hồ Chí Minh",10.7856616,106.6306247
Chủ gửi bán căn hộ Đạt Gia 1pn 1wc 47m giá 1.4 tỷ - Ngân hàng duyệt vay 820tr,"1,4 tỷ",47 m²,1,1,"Thủ Đức, Hồ Chí Minh"," Đường Cây Keo,  Phường Tam Phú,  Thủ Đức,  Hồ Chí Minh",10.862434,106.7441358
"Chuyển nơi ở cần bán nhà NGUYỄN VĂN NGHI, PHƯỜNG 7, GÒ VẤP, Giá 3 tỷ 450, Diện tích 55m2","3,45 tỷ",55 m²,4,5,"Gò Vấp, Hồ Chí Minh","Đường Nguyễn Văn Nghi, Phường 7, Gò Vấp, Hồ Chí Minh",10.8408087,106.6751861
Mặt tiền Thống Nhất- Đại Lô Đông Tây gần 600m2 đối diện cụm chung cư đang cho thuê hđ 50tr/tháng,"46,8 tỷ",588 m²,3,5,"Dĩ An, Bình Dương","Đường Thống Nhất, Phường Bình An, Dĩ An, Bình Dương",10.88737369,106.81334
"Nhà bán HXH 10m, có vỉa hè đường D2 - Nguyễn Gia Trí. DT: 12mx 25m, CN: 297m2. Giá: 54 tỷ TL",54 tỷ,297 m²,5,5,"Bình Thạnh, Hồ Chí Minh","Đường Nguyễn Gia Trí, Phường 25, Bình Thạnh, Hồ Chí Minh",10.80223676,106.716248
"Bán nhà 1/ đường TKTQ, hẻm kinh doanh 12m thông, 4 tầng, 4.3m x 15m","7,3 tỷ",65 m²,4,5,"Bình Tân, Hồ Chí Minh","Đường Tân Kỳ Tân Quý, Phường Bình Hưng Hòa, Bình Tân, Hồ Chí Minh",10.7938281,106.6047299
Biệt thự đơn lập góc view sông DT đất 200m2 full nội thất. Sổ hồng riêng giá 21 tỷ ạ,21 tỷ,200 m²,3,3,"Quận 9, Hồ Chí Minh"," Đường Song Hành,  Phường Phước Long B,  Quận 9,  Hồ Chí Minh",10.8063168,106.7784645
Nhà 855 Hương Lộ 2 Bình Tân 4.5x15m 4 tầng full nội thất,5 tỷ,"67,5 m²",4,5,"Bình Tân, Hồ Chí Minh","Đường Hương lộ 2, Phường Bình Trị Đông A, Bình Tân, Hồ Chí Minh",10.76765084,106.6019928
"Chú Long định cư bán nhà hẻm 5,5m. Giá 3,25 tỷ. Duy Tân, Phường 15, Phú Nhuận. 0765 369 ***. SHR",Giá thỏa thuận,"60,2 m²",4,4,"Phú Nhuận, Hồ Chí Minh","Đường Duy Tân, Phường 15, Phú Nhuận, Hồ Chí Minh",10.79474575,106.6799205
Nhà 4 tầng dân xây phân lô Lê Hồng Phong gần UBND quận Hải An - 65m2 - Tây Tứ Trạch,"7,1 tỷ",65 m²,4,4,"Hải An, Hải Phòng","Đường Trần Hoàn, Phường Đằng Hải, Hải An, Hải Phòng",20.83773935,106.7246464
Bán biệt thự góc 2 mặt tiền Verosa park - Q9. DT 196m2. DT sàn 330m2. Sổ hồng sẵn. Giá 23 tỷ,23 tỷ,196 m²,5,5,"Quận 9, Hồ Chí Minh"," Đường Liên Phường,  Phường Phú Hữu,  Quận 9,  Hồ Chí Minh",10.7608529,106.7012374
"Bán căn 80m2 liền kề Belhomes - Trục đường thông. Đón sóng cầu Nguyễn Trãi. Giá: 4,8 tỷ","4,8 tỷ",80 m²,4,3,"Thủy Nguyên, Hải Phòng"," Xã An Lư,  Thủy Nguyên,  Hải Phòng",20.9179581,106.676003
Bán Gấp Toà Building Lô Góc Mặt Phố Nguyễn Thanh Bình - Vạn Phúc - 120M - 8 Tầng - Mặt Tiền 12M !,"44,5 tỷ",120 m²,6,7,"Hà Đông, Hà Nội","Phố Vạn Phúc, Phường Vạn Phúc, Hà Đông, Hà Nội",20.98254665,105.7732406
"Chung cư mini Hoàng Đạo Thành - Thanh Xuân 80m2, 8T, thang máy, 26pn khép kín, ngõ thông 21,5 tỷ","21,5 tỷ",80 m²,26,26,"Thanh Xuân, Hà Nội","Đường Hoàng Đạo Thành, Phường Hạ Đình, Thanh Xuân, Hà Nội",20.9883454,105.8103351
"Bán liền kề 75m2 đô thị Centa City - Cửa ngõ Vinhomes Vũ Yên. Giá: 3,9 tỷ. Bao thuế phí","3,9 tỷ",75 m²,4,5,"Thủy Nguyên, Hải Phòng"," Đường 359C,  Xã Dương Quan,  Thủy Nguyên,  Hải Phòng",20.89535099,106.6786265
"Thông tin ko thể nào thật hơn - Căn hộ sân vườn 15,7 tỷ - tầng trệt - DT 171m2 +20m2 sân vườn","15,7 tỷ",190 m²,3,4,"Quận 2, Hồ Chí Minh"," Đường Xa Lộ Hà Nội,  Phường An Phú,  Quận 2,  Hồ Chí Minh",10.7365876,106.7120245
"MTKD CHDV BÀU CÁT 7, 12M x 20M, DOANH THU KHỦNG, THU NÉT VỀ TAY.",70 tỷ,240 m²,40,40,"Tân Bình, Hồ Chí Minh","Đường Bàu Cát 7, Phường 14, Tân Bình, Hồ Chí Minh",10.78782553,106.6438598
"BÁN NHÀ NGUYỄN KHANG Ô TÔ 45M MT 5,1M XÂY 5 TẦNG FULL NỘI THẤT NHỈNH 6 TỶ.",6 tỷ,45 m²,4,4,"Cầu Giấy, Hà Nội","Phường Dịch Vọng, Cầu Giấy, Hà Nội",21.0350602,105.793398
"Bán đất Tô Ngọc Vân Tây Hồ 103 m2 x MT 7.5 m x giá nhỉnh 40 tỷ. Xây toà cực đỉnh, vỉa hè, gần hồ",47 tỷ,103 m²,1,1,"Tây Hồ, Hà Nội","Đường Tô Ngọc Vân, Phường Quảng An, Tây Hồ, Hà Nội",21.0682349,105.8249727
"Chính chủ cần bán nhanh căn hộ Hưng Phát 1, 2PN đã có sổ","2,7 tỷ",70 m²,2,2,"Nhà Bè, Hồ Chí Minh"," Đường Lê Văn Lương,  Xã Phước Kiển,  Nhà Bè,  Hồ Chí Minh",10.7230203,106.694734
"Ngộp vốn bán gấp căn Nguyễn Văn Bá, Phước Long,Quận 9 giá 3tỷ400tr sổ riêng LH 0766 372 *** xem nhà","3,4 tỷ",56 m²,3,3,"Thủ Đức, Hồ Chí Minh","Đường Nguyễn Văn Bá, Phường Phước Long A, Thủ Đức, Hồ Chí Minh",10.8255924,106.7651796
"Bán nhà mặt tiền ngang 6m5 đường Phạm Cự Lượng, phố kinh doanh","12,5 tỷ",103 m²,2,2,"Sơn Trà, Đà Nẵng","Đường Phạm Cự Lượng, Phường An Hải Nam, Sơn Trà, Đà Nẵng",16.0621434,108.2357341
"Chính chủ kẹt tiền cần bán 2PN - 78m2 Kingdom 101, giá 5.7 tỷ, đã có sổ hồng, LH 0933 752 ***","5,7 tỷ",78 m²,2,2,"Quận 10, Hồ Chí Minh"," Đường Tô Hiến Thành,  Phường 14,  Quận 10,  Hồ Chí Minh",10.7737407,106.6628205
Bán nhà riêng Đường Nguyễn Văn Cừ diện tích 42m2,"10,2 tỷ",42 m²,3,4,"Long Biên, Hà Nội","Đường Nguyễn Văn Cừ, Phường Bồ Đề, Long Biên, Hà Nội",21.04122651,105.8694521
Chính chủ định cư nước ngoài bán gấp căn nhà cực tốt|Đ.Thích Quảng Đức P5 Q.Phú Nhuận|SHR|DT 42m2,"1,95 tỷ",42 m²,3,3,"Phú Nhuận, Hồ Chí Minh","Đường Thích Quảng Đức, Phường 5, Phú Nhuận, Hồ Chí Minh",10.80583359,106.6826403
"Bán Nhà riêng 3PN, 3WC,lô góc dân xây, 40m2, giá 3,64 tỷ tại Tả Thanh Oai, Thanh Trì, Hà Nội","3,64 tỷ",40 m²,3,3,"Thanh Trì, Hà Nội","Đường Tả Thanh Oai, Xã Tả Thanh Oai, Thanh Trì, Hà Nội",20.9447441,105.8070402
NHÀ ĐẸP BỒ ĐỀ GIÁ TỐT LONG BIÊN HÀ NỘI 40m2,"7,6 tỷ",40 m²,5,4,"Long Biên, Hà Nội","Đường Bồ Đề, Phường Bồ Đề, Long Biên, Hà Nội",21.05596875,105.8844924
"Chính chủ gửi bán nhanh biệt thự đảo Ecopark The Island 500m2 hướng Hồ Đông Nam, giá tốt",Giá thỏa thuận,500 m²,5,5,"Văn Giang, Hưng Yên"," Xã Xuân Quan,  Văn Giang,  Hưng Yên",20.9577012,105.9161321
BÁN NHÀ KIM GIANG - 6 TẦNG MỚI THANG MÁY - 20M RA Ô TÔ - 36M2 - NHỈNH 8 TỶ,"8,15 tỷ",36 m²,3,4,"Hoàng Mai, Hà Nội","Đường Kim Giang, Phường Đại Kim, Hoàng Mai, Hà Nội",20.97719491,105.8242672
Xoay vốn bán nhà đường Lạc Long Quận P8 Tân Bình 50m2 Giá 3ty350 lh 0932 861 *** Vân,"3,35 tỷ",50 m²,3,2,"Tân Bình, Hồ Chí Minh","Đường Lạc Long Quân, Phường 8, Tân Bình, Hồ Chí Minh",10.78315903,106.6499368
BÁN TOÀ CHDV - 7 TẦNG THANG MÁY - 18 CĂN HỘ FULL NỘI THẤT - DÒNG TIỀN 1.2 TỶ/ NĂM - GIÁ ĐẦU TƯ,"17,3 tỷ",60 m²,18,18,"Nam Từ Liêm, Hà Nội","Mễ Trì Thượng, Phường Mễ Trì, Nam Từ Liêm, Hà Nội",21.0102783,105.776382
"Nhà 2 tầng đường Sử Hy Nhan-Vĩnh Hoà-Nha Trang - cách biển chỉ 300m - giá 4,8 tỷ - 75m2 ngang 5,2m","4,8 tỷ",75 m²,2,1,"Nha Trang, Khánh Hòa","Đường Sử Hy Nhan, Phường Vĩnh Hòa, Nha Trang, Khánh Hòa",12.2977896,109.2113888
"2 phòng ngủ Đảo Kim Cương view trực diện sông, hướng Đông nam, tầng cao, giá cực chất 9.5 tỷ - 96m2","9,5 tỷ",96 m²,2,2,"Quận 2, Hồ Chí Minh"," Phường Bình Trưng Tây,  Quận 2,  Hồ Chí Minh",10.80484845,106.7167622
"Căn hộ tại ParkHill, KĐT Times City","6,5 tỷ",76 m²,2,2,"Hai Bà Trưng, Hà Nội"," Đường Minh Khai,  Phường Vĩnh Tuy,  Hai Bà Trưng,  Hà Nội",20.9948179,105.8675585
"Bán nhà đường Tam Trinh, p Mai Động, Hoàng Mai, diện tích 30m2 5 tầng","5,35 tỷ",30 m²,3,4,"Hoàng Mai, Hà Nội","Đường Tam Trinh, Phường Mai Động, Hoàng Mai, Hà Nội",20.993814,105.8627764
"Bán nhà Minh Khai - 52,5m2 x 5 tầng, thang máy, ngõ thông, ngay sát times city lh 0989 212 ***",10 tỷ,"52,5 m²",5,6,"Hai Bà Trưng, Hà Nội","Đường Minh Khai, Phường Minh Khai, Hai Bà Trưng, Hà Nội",20.9962306,105.857312
"Bán Nhà Mặt Phố Phùng Hưng, 52 tỷ, 1369m2, 5PN, 5WC, Hà Đông, HN. Siêu đầu tư. 0981 715 ***",52 tỷ,1.369 m²,5,5,"Hà Đông, Hà Nội","89 Phùng Hưng, Phố Phùng Hưng, Phường Phúc La, Hà Đông, Hà Nội",20.9644947,105.7940097
"Bán nhà An Trai - Vân Canh 7 T thang máy gara ô tô ngõ thông - K/D 40m2 - 7,8 tỷ","7,8 tỷ",40 m²,4,3,"Hoài Đức, Hà Nội","Đường An Trai, Xã Vân Canh, Hoài Đức, Hà Nội",21.0333728,105.7364482
"Cần bán gấp nhà 4 tầng, 64,5m2 lô góc phố Tây Trà - Hoàng Mai - Hà Nội","10,85 tỷ",65 m²,6,7,"Hoàng Mai, Hà Nội","Đường Tây Trà, Phường Trần Phú, Hoàng Mai, Hà Nội",20.9711195,105.8832556
Bán căn hộ 143m2 tòa M2 mã căn 11,23 tỷ,143 m²,4,3,"Ba Đình, Hà Nội"," Phố Liễu Giai,  Phường Ngọc Khánh,  Ba Đình,  Hà Nội",21.0320675,105.8133319
"Chính chủ căn nhà phố N2 - 19, 1 trệt 3 The Meadow Bình Chánh, 105m2, sổ hồng riêng, giá 6 tỷ 6","6,6 tỷ",105 m²,3,3,"Bình Chánh, Hồ Chí Minh","The Meadow Bình Chánh, Trần Văn Giàu, Vĩnh Lộc B, Bình Chánh, Hồ Chí Minh",10.7908153,106.5772533
Bán khách sạn xây thô 20 tầng mặt tiền Phạm Văn Đồng View trực diện biển 130tỷ,130 tỷ,231 m²,76,76,"Nha Trang, Khánh Hòa","Đường Phạm Văn Đồng, Phường Vĩnh Hòa, Nha Trang, Khánh Hòa",12.2805929,109.201933
"Chung cư Bình Minh Garden 72m2 2 phòng ngủ/2WC tầng cao thoáng mát giá 4,7 tỷ","4,7 tỷ",72 m²,2,2,"Long Biên, Hà Nội"," Đường Đức Giang,  Phường Đức Giang,  Long Biên,  Hà Nội",21.0646143,105.8977054
Bán nhà Lạc Long Quân nối Hoàng Quốc Việt - Thuỵ Khuê thang máy - 112m2 - 7T 5.5m MT - nhỉnh 36tỷ,"36,5 tỷ",112 m²,7,7,"Cầu Giấy, Hà Nội","Đường Lạc Long Quân, Phường Nghĩa Đô, Cầu Giấy, Hà Nội",21.05332428,105.8089656
"Chỉ còn 1 căn! Phân lô Hoàng Cầu, 2 ô tô tránh đỗ trước nhà, vỉa hè 2m, kinh doanh. 64m2. 7 tầng.","21,3 tỷ",63 m²,6,6,"Đống Đa, Hà Nội","Phố Hoàng Cầu, Phường Ô Chợ Dừa, Đống Đa, Hà Nội",21.0181497,105.8243996
"Nhà view Hồ Tây đẳng cấp, thang máy xịn sò, mới đẹp ở ngay, 10 tỷ",10 tỷ,47 m²,3,4,"Tây Hồ, Hà Nội","Đường Trích Sài, Phường Bưởi, Tây Hồ, Hà Nội",21.0501972,105.8107606
"Bán căn hộ 2PN, 1WC tại The Sapphire - Vinhomes Smart City, 3,2 tỷ, 54,8m2, Nam Từ Liêm, Hà Nội","3,2 tỷ","54,8 m²",2,1,"Nam Từ Liêm, Hà Nội"," Phường Tây Mỗ,  Nam Từ Liêm,  Hà Nội.",21.0096762,105.7445572
"BÁN CĂN 2 PN, S= 65 có đồ. Gía 3.x tỷ. Dự án Chung cư Xuân Mai complex Dương Nội",Giá thỏa thuận,65 m²,2,1,"Hà Đông, Hà Nội"," Đường Tố Hữu,  Phường Yên Nghĩa,  Hà Đông,  Hà Nội",20.951446,105.7351127
"Bán nhà Tây Hồ - Yên Hoa nối Yên Phụ - Nghi Tàm - Tòa nhà mới xây 10T, 85m2, MT 6.2m - 59.x tỷ",Giá thỏa thuận,85 m²,10,9,"Tây Hồ, Hà Nội","Phố Yên Hoa, Phường Yên Phụ, Tây Hồ, Hà Nội",21.05496857,105.8354584
SIÊU PHẨM ĐẸP KHU PHÂN LÔ ĐÔNG BỘ Khu VIPĐƯỜNG 12M ĐỐI DIỆN TRƯỜNG HỌC Đường Phạm Văn Chiêu Gò Vấp,"9,9 tỷ",60 m²,4,5,"Gò Vấp, Hồ Chí Minh","Đường Phạm Văn Chiêu, Phường 14, Gò Vấp, Hồ Chí Minh",10.848352,106.6429581
"Hai mặt tiền kinh doanh đường 10m5 Tiểu La, Đà Nẵng. 140m2 ngang 6m 2 tầng. Chính chủ bán","14,9 tỷ",140 m²,4,3,"Hải Châu, Đà Nẵng","Đường Tiểu La, Phường Hòa Thuận Tây, Hải Châu, Đà Nẵng",16.0440887,108.2107339
"Cần bán căn góc T06, góc Đông Bắc view nhạc thoáng","8,5 tỷ",110 m²,3,2,"Hai Bà Trưng, Hà Nội"," Đường Minh Khai,  Phường Vĩnh Tuy,  Hai Bà Trưng,  Hà Nội",20.9948179,105.8675585
"Nhà mặt phố Nguyễn Quý Đức, Thanh Xuân. Diện tích 90m2, mặt tiền 5m2, lô góc 3 mặt thoáng, KD đỉnh","25,5 tỷ",90 m²,4,4,"Thanh Xuân, Hà Nội","Đường Nguyễn Quý Đức, Phường Thanh Xuân Bắc, Thanh Xuân, Hà Nội",20.9934307,105.7988214
Bán 3 căn 160m2 trục 09 tháp B Keangnam tầng cao hàng chuẩn 0974 681 ***,Giá thỏa thuận,160 m²,4,2,"Nam Từ Liêm, Hà Nội"," Đường Phạm Hùng,  Phường Mễ Trì,  Nam Từ Liêm,  Hà Nội",21.0140737,105.7848898
"Bán nhà mặt phố Trần Quốc Thảo, 17 tỷ, 43.12m2, 3PN, 3WC, Q3, HCM",17 tỷ,"43,12 m²",3,3,"Quận 3, Hồ Chí Minh","Đường Trần Quốc Thảo, Phường 9, Quận 3, Hồ Chí Minh",10.7826368,106.6796064
Quận 9: Bán biệt thự Liên Phường ngang 15m 5PN 5WC full nội thất thiết kế cao cấp,33 tỷ,270 m²,5,5,"Quận 9, Hồ Chí Minh","Đường Liên Phường, Phường Phước Long B, Quận 9, Hồ Chí Minh",10.8063168,106.7784645
"Bán nhà HXH đường Thành Thái Quận 10, ngang lớn 8m có 12 phòng HĐT ổn định 650tr/năm, 15.5 tỷ TL","15,5 tỷ",98 m²,12,12,"Quận 10, Hồ Chí Minh","Đường Thành Thái, Phường 14, Quận 10, Hồ Chí Minh",10.77526096,106.6632962
"D'Edge Thảo Điền: Căn 3PN, lầu cao, 147 m2. Đang có HĐ thuê 70 trd net/tháng. Giá bán 17 tỷ",17 tỷ,147 m²,3,3,"Quận 2, Hồ Chí Minh"," Đường Nguyễn Văn Hưởng,  Phường Thảo Điền,  Quận 2,  Hồ Chí Minh",10.81604325,106.7282586
Chính chủ cần bán căn 69m2 2ng 2vs full nội thất tại trung tâm quận Nam Từ Liêm giá chỉ 3.1x Tỷ,"3,15 tỷ",69 m²,2,2,"Nam Từ Liêm, Hà Nội"," Đường 70,  Phường Phương Canh,  Nam Từ Liêm,  Hà Nội",21.05228555,105.7329116
"Sở hữu nhà dòng tiền khủng, TT Cầu Giấy, 45m2*6T*11p KK, TM, ngõ thoáng gần ô tô GPXD & PCCC đầy đủ",Giá thỏa thuận,45 m²,11,11,"Cầu Giấy, Hà Nội","Phường Dịch Vọng, Cầu Giấy, Hà Nội",21.0350602,105.793398
"Chung cư dự án mới Green Home Phương Đông 80m2 3PN/2WC full nội thất đẹp giá 4,950 tỷ","4,95 tỷ",80 m²,3,2,"Long Biên, Hà Nội"," Đường Phan Văn Đáng,  Phường Đức Giang,  Long Biên,  Hà Nội",21.0646143,105.8977054
"Bán nhà riêng tại Nguyễn Thiện Thuật, 5,2 tỷ, 30m2, nhà 3 tầng. Giá rẻ nhất khu vực","5,2 tỷ",30 m²,2,2,"Quận 3, Hồ Chí Minh","Đường Nguyễn Thiện Thuật, Phường 2, Quận 3, Hồ Chí Minh",10.76703135,106.6813281
"Bán nhà Tam Trinh 75m2, ngõ ô tô, gần phố, nhà 4 tầng chắc chắn, tiện ích đầy đủ, SĐCC, 8.5 tỷ","8,5 tỷ",75 m²,4,4,"Hoàng Mai, Hà Nội","Đường Tam Trinh, Phường Yên Sở, Hoàng Mai, Hà Nội",20.97352313,105.8662059
"Nhà khu Cityland Park Hills khu Lotte Mart, giá rẻ nhất khu vực đang cho thuê 40 triệu/tháng","16,8 tỷ",100 m²,8,6,"Gò Vấp, Hồ Chí Minh"," Đường Phan Văn Trị,  Phường 10,  Gò Vấp,  Hồ Chí Minh",10.83361503,106.6697968
"Chỉ 36,8 tỷ sở hữu 1 siêu dòng tiền 2 tỷ/năm tại Cầu Giấy 100m2- 8 tầng- 20 phòng- lô góc- ôtô đỗ","36,8 tỷ",100 m²,20,20,"Cầu Giấy, Hà Nội","Đường Cầu Giấy, Phường Quan Hoa, Cầu Giấy, Hà Nội",21.03368842,105.7975287
"Bán căn 2PN, 2WC, 63m2 tại CBD Premium Home, Gia 2,48 tỷ, Thạnh Mỹ Lợi, Q2, HCM","2,48 tỷ",63 m²,2,2,"Quận 2, Hồ Chí Minh","The CBD Premium Home, Đường Đồng Văn Cống, Phường Thạnh Mỹ Lợi, Quận 2, Hồ Chí Minh",10.77073175,106.7702559
Nhà cấp 4 vị trí đẹp ngay trung tâm phường Linh Chiểu - đường nhựa 5m - Dt 72m2( ngang 5) hiếm,"5,7 tỷ",72 m²,2,1,"Thủ Đức, Hồ Chí Minh","Đường Số 19, Phường Linh Chiểu, Thủ Đức, Hồ Chí Minh",10.85501944,106.7632001
"Bán nhà 2 mặt tiền Lê Duẩn thông thoáng, vị trí sầm uất, Thanh Khê, Đà Nẵng","29,5 tỷ",101 m²,3,2,"Thanh Khê, Đà Nẵng","Đường Lê Duẩn, Phường Thạc Gián, Thanh Khê, Đà Nẵng",16.0664337,108.2068999
"Bán nhà Khuyến Lương, lô góc KD, ô tô đỗ cửa, ngõ thông, TK đẹp, 3 tầng, 43.5m2, MT 6.5m, 4.35 tỷ","4,35 tỷ","43,5 m²",2,2,"Hoàng Mai, Hà Nội","Đường Khuyến Lương, Phường Trần Phú, Hoàng Mai, Hà Nội.",20.96891085,105.8829949
"Siêu dòng tiền Đống Đa 18,3tỷ, 7 tâng, dòng tiền siêu tốt, ngõ thông thoáng, full phòng cho thuê","18,3 tỷ",80 m²,13,13,"Đống Đa, Hà Nội","Phố Vũ Ngọc Phan, Phường Láng Hạ, Đống Đa, Hà Nội",21.01411356,105.810892
"Giá rẻ! CCMN Yên Hòa xây mới, 55m2 x 6T x 14p KK, lô góc, TM xịn, có PCCC, DT đỉnh 900tr/năm","12,5 tỷ",55 m²,14,14,"Cầu Giấy, Hà Nội","Đường Hạ Yên Quyết, Phường Yên Hòa, Cầu Giấy, Hà Nội",21.0218105,105.7924411
"Bán nhà 5 tầng diện tích 94.4m2 mặt tiền 6m Khu N1 Nguyễn Hoàng Tôn, Tây Hồ, Hà Nội","39,7 tỷ","94,4 m²",4,5,"Tây Hồ, Hà Nội","đường Nguyễn Hoàng Tôn, Phường Xuân La, Tây Hồ, Hà Nội",21.07214637,105.8042776
"BÁN NHÀ PHỐ HƯNG THỊNH, VỈA HÈ Ô TÔ TRÁNH, THANG MÁY NHẬP KHẨU, 5 TẦNG ĐẸP MÊ LY, 52M2, 11.6 TỶ","11,6 tỷ",52 m²,6,6,"Hoàng Mai, Hà Nội","Đường Hưng Thịnh, Phường Yên Sở, Hoàng Mai, Hà Nội",20.9635712,105.8701509
Cần tiền bán gấp nhà ở xã hội chung cư HH linh đàm giá tốt lh 0967 070 ***,"2,62 tỷ",72 m²,2,2,"Hoàng Mai, Hà Nội","HH1 Linh Đàm, Đường Linh Đường, Phường Hoàng Liệt, Hoàng Mai, Hà Nội",20.95974673,105.8326955
"Nhà 5 tầng view Hồ Tây bán, gara, 5 ngủ cách Hồ 30m",33 tỷ,54 m²,5,6,"Tây Hồ, Hà Nội","Phố Quảng Khánh, Phường Quảng An, Tây Hồ, Hà Nội",21.06031,105.8185624
"Chính chủ em bán căn hộ chung cư Iris Garden, Trần Hữu Dực, Cầu Diễn, 61.7m2. Lh 0357 536 ***",Giá thỏa thuận,"61,7 m²",2,2,"Nam Từ Liêm, Hà Nội"," Đường Trần Hữu Dực,  Phường Cầu Diễn,  Nam Từ Liêm,  Hà Nội.",21.0345973,105.7625765
"Giá đầu tư, nhà Yên Sở, ngay sát X2B, Gamuda, thoáng trước sau, view hồ lộng gió, 45m2, 5,35 tỷ","5,35 tỷ",45 m²,3,3,"Hoàng Mai, Hà Nội","Đường Yên Sở, Phường Yên Sở, Hoàng Mai, Hà Nội",20.9640732,105.8716348
"Nhà 40m2 x 4 tầng Đại Mỗ, gần UBND phường Đại Mỗ, ngõ nông, ô tô gần, giá 6.5 tỷ, LH 0988 175 ***","6,5 tỷ",39 m²,4,3,"Nam Từ Liêm, Hà Nội","Phường Đại Mỗ, Nam Từ Liêm, Hà Nội",20.9932717,105.7630172
"Em Toàn cần bán căn hộ chung cư 3PN tại Florence Mỹ Đình giá tốt, vị trí đẹp. LH 0357 536 ***",Giá thỏa thuận,124 m²,3,3,"Nam Từ Liêm, Hà Nội"," Đường Trần Hữu Dực,  Phường Cầu Diễn,  Nam Từ Liêm,  Hà Nội.",21.0345973,105.7625765
"Bán nhà đẹp 44m2 x 3 tầng, 4pn, Phạm Văn Chí, Quận 6, giá 6,5 tỷ","6,5 tỷ",44 m²,4,3,"Quận 6, Hồ Chí Minh","Đường Phạm Văn Chí, Phường 8, Quận 6, Hồ Chí Minh",10.74209759,106.6410202
"Bán Nhà Riêng 6PN, 6WC, 51m2 tại Khương Trung, 10,5 tỷ","10,5 tỷ",51 m²,6,6,"Thanh Xuân, Hà Nội","Phường Khương Trung, Thanh Xuân, Hà Nội",20.9973125,105.8222383
Nhỉnh 120 triệu/m2 mở bán lô đất gần ĐH Hutech (4.2x21m) CTXD hầm 5 tầng tiện xây CHDV P26,"12,2 tỷ",97 m²,1,1,"Bình Thạnh, Hồ Chí Minh","Đường Nguyễn Xí, Phường 26, Bình Thạnh, Hồ Chí Minh",10.81695364,106.7061509
Gia đình em cần bán căn nhà 75m2 khu trung tâm Hà Đông,"15,5 tỷ",75 m²,5,5,"Hà Đông, Hà Nội","Đường Chu Văn An, Phường Quang Trung, Hà Đông, Hà Nội",20.971131,105.7714768
"Nhà Hồ Tây ngõ xe hơi tránh nhau bán. Căn nhà 4 tầng khu Quảng An, gần Hồ Tây vị trí đắc địa",14 tỷ,40 m²,3,4,"Tây Hồ, Hà Nội","Đường Đặng Thai Mai, Phường Quảng An, Tây Hồ, Hà Nội",21.0619698,105.8211011
"Chính chủ bán nhà Lạc Long Quân 72m2, ô tô tránh, gara, lô góc 10.9 tỷ","10,9 tỷ",72 m²,4,5,"Cầu Giấy, Hà Nội","Đường Lạc Long Quân, Phường Nghĩa Đô, Cầu Giấy, Hà Nội",21.05332428,105.8089656
"Bán tòa nhà 6 tầng DT 803 m2 Đằng Lâm, Hải An",120 tỷ,803 m²,6,6,"Hải An, Hải Phòng","Đường Ngô Gia Tự, Phường Đằng Lâm, Hải An, Hải Phòng",20.83826115,106.70931
"Tôi kẹt vốn KD sang gấp nhà HXH 5,5m CMT8, P13, Q10,Giá 3tỷ1/ 53,9m2, SHR, BTCT, LH: 0907 631 ***","3,1 tỷ","53,9 m²",4,3,"Quận 10, Hồ Chí Minh","Đường Cách Mạng Tháng Tám, Phường 13, Quận 10, Hồ Chí Minh",10.7793424,106.6706065
"Nhà Giảng Võ, Ba Đình 109/120m2, 10 tầng thang máy, MT 5m, giá 85 tỷ",85 tỷ,109 m²,18,19,"Ba Đình, Hà Nội","Phố Giảng Võ, Phường Kim Mã, Ba Đình, Hà Nội",21.02834438,105.8254167
"Bán nhà riêng phố Võng Thị 45m2, 10m ra ô ô, tặng toàn bộ nội thất giá 10.1 tỷ","10,1 tỷ",45 m²,4,4,"Tây Hồ, Hà Nội","đường Võng Thị, Phường Bưởi, Tây Hồ, Hà Nội",21.0501972,105.8107606
"Bán nhanh - Căn Hiếm còn lại: Bcons Green View 51m2, 2PN 2WC, chỉ 1 tỷ 660 sổ đỏ sẵn, sẵn NTCB","1,66 tỷ",51 m²,2,2,"Dĩ An, Bình Dương","Bcons Green View, Quốc lộ 1K, Đông Hòa, Dĩ An, Bình Dương",10.888204,106.7797523
"Mặt tiền Nguyễn Sơn, ngang 4x14 nhỉnh 8 tỷ, Quận Tân Phú",Giá thỏa thuận,56 m²,1,1,"Tân Phú, Hồ Chí Minh","Đường Nguyễn Sơn, Phường Phú Thọ Hòa, Tân Phú, Hồ Chí Minh",10.78139852,106.6315741
"CHCC Việt Hưng 89m2 3PN, 2WC có thang máy, tầng trung thoáng mát giá 3,950 tỷ","3,95 tỷ",89 m²,3,2,"Long Biên, Hà Nội"," Phường Giang Biên,  Long Biên,  Hà Nội",21.064662,105.9176926
Chuyên CH Masteri Thảo Điền - cam kết báo giá thật - bao giá thấp nhất thị trường - hỗ trợ vay 80%,Giá thỏa thuận,74 m²,2,2,"Quận 2, Hồ Chí Minh"," Đường Xa Lộ Hà Nội,  Phường Thảo Điền,  Quận 2,  Hồ Chí Minh",10.8037248,106.7462249
"Bán nhà nát tại Bùi Thị Xuân, giá 4,5 tỷ/42m2, giá ưu đãi, sổ riêng, XDTD, thổ cư 100%, bớt lộc",Giá thỏa thuận,63 m²,1,1,"Tân Bình, Hồ Chí Minh","Đường Bùi Thị Xuân, Phường 1, Tân Bình, Hồ Chí Minh",10.7957897,106.666603
"Bán nhà Bằng A Bằng Liệt, Hoàng Liệt, Hoàng Mai, HN 35m2 x 4 tầng nhà LH 0983 860 ***","4,25 tỷ",35 m²,4,3,"Hoàng Mai, Hà Nội","Đường Bằng Liệt, Phường Hoàng Liệt, Hoàng Mai, Hà Nội",20.966795,105.824457
Cần bán căn nhà phố vịnh đảo Sky Oasis 104m2 giá 25.5 tỷ Lh 0961 694 ***,"25,5 tỷ",104 m²,4,4,"Văn Giang, Hưng Yên"," Đường Trúc,  Xã Xuân Quan,  Văn Giang,  Hưng Yên",20.9577012,105.9161321
"Cần bán căn 2 phòng ngủ Sky Forest 74m2 giá 3.8 tỷ, LH 0961 694 ***","3,8 tỷ",74 m²,2,2,"Văn Giang, Hưng Yên"," Xã Xuân Quan,  Văn Giang,  Hưng Yên",20.9577012,105.9161321
"Bán nhà 7 tầng 40m2 - phố Quan Hoa, Cầu Giấy - giá 14.7 tỷ (ôtô vào nhà, 15m ra mặt phố)","14,7 tỷ",40 m²,3,6,"Cầu Giấy, Hà Nội","Đường Quan Hoa, Phường Quan Hoa, Cầu Giấy, Hà Nội",21.0377187,105.8011512
"Cần bán căn 2 phòng ngủ Onsen ban công Đông Nam giá 4.68 tỷ, LH 0961 694 ***","4,68 tỷ",65 m²,2,2,"Văn Giang, Hưng Yên"," Xã Xuân Quan,  Văn Giang,  Hưng Yên",20.9577012,105.9161321
Cần bán căn biệt thự đảo Ecopark 300m2 giá 6x tỷ bao phí LH 0961 694 ***,65 tỷ,300 m²,4,4,"Văn Giang, Hưng Yên"," Xã Xuân Quan,  Văn Giang,  Hưng Yên",20.9577012,105.9161321
Cần bán căn 3 ngủ khu Skyforest 91m2 view biệt thự đảo giá 5.8 tỷ bao phí LH 0961 694 ***,"5,8 tỷ",91 m²,3,2,"Văn Giang, Hưng Yên"," Xã Xuân Quan,  Văn Giang,  Hưng Yên",20.9577012,105.9161321
"Căn hộ 91m2 tại Vung Tau Centre Point, thanh toán 4,3 tỷ, 3PN, 2WC chính sách tốt","4,3 tỷ",91 m²,3,2,"Vũng Tàu, Bà Rịa Vũng Tàu","Vung Tau Centre Point, Đường Nguyễn Hữu Cảnh, Phường Nguyễn An Ninh, Vũng Tàu, Bà Rịa Vũng Tàu",10.37702668,107.1126643
"Hiếm! Nhà cực đẹp 35m2x6T thang máy. Đầy đủ nội thất, cách phố 50m phố Thụy Khuê, Hoàng Hoa Thám","7,38 tỷ",35 m²,4,5,"Tây Hồ, Hà Nội","Đường Thụy Khuê, Phường Thụy Khuê, Tây Hồ, Hà Nội",21.045642,105.8134398
"Chính chủ tôi bán căn hộ Vườn Xuân - 71 Nguyễn Chí Thanh - 76,1m2 có 2 phòng ngủ full đồ","5,3 tỷ","76,1 m²",2,1,"Đống Đa, Hà Nội"," Đường Nguyễn Chí Thanh,  Phường Láng Hạ,  Đống Đa,  Hà Nội",21.0185987,105.8076003
"Bán nhanh chung cư Việt Hưng 75m 2PN/1WC ban công Đông Nam giá 3,15 tỷ","3,15 tỷ",75 m²,2,1,"Long Biên, Hà Nội"," Phường Đức Giang,  Long Biên,  Hà Nội",21.0646143,105.8977054
"Bán gấp nhà phố full nội thất tại KĐT Lakeview City DT 5X20m 1 trệt 3 lầu giá 19,3 tỷ LH 0902 872 ***","19,3 tỷ",100 m²,4,5,"Quận 2, Hồ Chí Minh","Lakeview City, Đường Song Hành, Phường An Phú, Quận 2, Hồ Chí Minh",10.7365876,106.7120245
Siêu phẩm căn góc 62 m2 view hồ tại chung cư Hateco Xuân Phương giá chỉ 3.75 tỷ sổ đỏ trao tay,"3,75 tỷ",62 m²,3,2,"Nam Từ Liêm, Hà Nội"," Đường 70,  Phường Phương Canh,  Nam Từ Liêm,  Hà Nội",21.05228555,105.7329116
Bán nhanh studio suất đầu tư siêu hời khai thác ngay,"1,62 tỷ",30 m²,1,1,"Quận 9, Hồ Chí Minh"," Phường Long Bình,  Quận 9,  Hồ Chí Minh",10.7589554,106.6730492
"BÁN GẤP CĂN HỘ RIVERSIDE RESIDENCE, NHÀ ĐẸP, VIEW SÔNG.","13,5 tỷ",130 m²,4,3,"Quận 7, Hồ Chí Minh","Riverside Residence, Nguyễn Lương Bằng, Tân Phú, Quận 7, Hồ Chí Minh",10.71876218,106.727902
"Hiếm! Nhà cực đẹp 35m2x6T thang máy. Đầy đủ nội thất, cách mặt phố 50m phố Văn Cao, Hoàng Hoa Thám.","7,48 tỷ",35 m²,4,5,"Ba Đình, Hà Nội","Đường Văn Cao, Phường Liễu Giai, Ba Đình, Hà Nội",21.039273,105.8157625
"Quỹ hot Shophouse Đại Lộ Hừng Đông 75-90-98-167 mặt tiền 5m, trục đường 25m thông QL5A và QL5B",11 tỷ,75 m²,6,6,"Văn Giang, Hưng Yên"," Xã Nghĩa Trụ,  Văn Giang,  Hưng Yên",20.9298976,105.963275
"Căn góc 2PN + 1 ban công Đông Nam siêu đẹp, chỉ có 1 căn duy nhất","3,25 tỷ",75 m²,2,2,"Ngũ Hành Sơn, Đà Nẵng"," Đường Hoàng Minh Thắng,  Phường Hòa Hải,  Ngũ Hành Sơn,  Đà Nẵng",15.9822493,108.2608287
"Bán nhà đẹp (5,5 x 10) 2 tầng - quận 1 - giá 7,8 tỷ","7,8 tỷ",55 m²,2,3,"Quận 1, Hồ Chí Minh","Đường Trần Hưng Đạo, Phường Cầu Kho, Quận 1, Hồ Chí Minh",10.7577508,106.6864446
"Cực hiếm căn góc chung cư Việt Hưng 87m2 3PN/2WC ban công Đông Nam giá 3,99 tỷ","3,99 tỷ",87 m²,3,2,"Long Biên, Hà Nội"," Phường Đức Giang,  Long Biên,  Hà Nội",21.0646143,105.8977054
"Bán Gấp CC The CBD Premium Home, 3 PN, 2 WC 2,5 tỷ, 80m2, view đẹp tại Đồng Văn Cống, Quận 2","2,5 tỷ",80 m²,3,2,"Quận 2, Hồ Chí Minh","The CBD Premium Home, Đường Đồng Văn Cống, Phường Thạnh Mỹ Lợi, Quận 2, Hồ Chí Minh",10.77073175,106.7702559
"Bán CHCC mini Thanh Xuân, bagac đỗ, 2 thoáng, 45m*6T*10Ph KK full đồ, thang máy, SDCC",10 tỷ,45 m²,10,10,"Thanh Xuân, Hà Nội","Đường Nguyễn Trãi, Phường Khương Đình, Thanh Xuân, Hà Nội",21.00145715,105.818213
"Căn nhà tuyệt đẹp hiện đại, ngõ xe hơi vào thoải mái, thanh bình và cực kỳ tiện lợi",49 tỷ,143 m²,4,6,"Tây Hồ, Hà Nội","Đường Đặng Thai Mai, Phường Quảng An, Tây Hồ, Hà Nội",21.0619698,105.8211011
"Bán nhà riêng tại Cách Mạng Tháng Tám, 9 tỷ, ô tô đến cửa (60m2) 3 tầng",9 tỷ,60 m²,3,3,"Quận 3, Hồ Chí Minh","Đường Cách Mạng Tháng Tám, Phường 11, Quận 3, Hồ Chí Minh",10.7862202,106.6698217
"Nhà 1 lầu mặt tiền đường Nguyễn Du, P7, Quận - GV","11,65 tỷ",67 m²,3,2,"Gò Vấp, Hồ Chí Minh","Đường Nguyễn Du, Phường 7, Gò Vấp, Hồ Chí Minh",10.8408087,106.6751861
"Quá đẹp! TT đường Cầu Giấy, xây mới 91m2*6T*20p KK, full đồ, ngõ nông, đủ GPXD & PCCC, SĐCC đẹp",Giá thỏa thuận,91 m²,20,20,"Cầu Giấy, Hà Nội","Đường Cầu Giấy, Phường Quan Hoa, Cầu Giấy, Hà Nội",21.03368842,105.7975287
"Cực hiếm căn hộ chung cư sát Việt Hưng 52m2 2PN, 1WC thoáng mát giá 2,55 tỷ","2,55 tỷ",52 m²,2,1,"Long Biên, Hà Nội"," Phường Giang Biên,  Long Biên,  Hà Nội",21.064662,105.9176926
Conic Boulevard căn 2PN - 85m2 thanh toán 15% nhận nhà ở ngay - hỗ trợ 0% lãi vay trong 18 tháng,"2,95 tỷ",85 m²,2,2,"Bình Chánh, Hồ Chí Minh"," Đường Huỳnh Bá Chánh,  Xã Tân Kiên,  Bình Chánh,  Hồ Chí Minh",10.7039667,106.6007635
"Tòa CHDV Cầu Giấy, mới 55m2*6T*15p KK, TM, full đồ, logoc, ngõ thoáng, 50m ôtô tránh, PCCC & GPXD",Giá thỏa thuận,55 m²,15,15,"Cầu Giấy, Hà Nội","Đường Hạ Yên Quyết, Phường Yên Hòa, Cầu Giấy, Hà Nội",21.0218105,105.7924411
"Bán căn góc 2 mặt tiền quận 1 hẻm xe tải 5 mét . Chiều ngang 10 mét, nhà 3 tầng. Giá chỉ 9,8 tỷ","9,8 tỷ",50 m²,3,3,"Quận 1, Hồ Chí Minh","Đường Trần Hưng Đạo, Phường Cầu Kho, Quận 1, Hồ Chí Minh",10.7577508,106.6864446
MẶT PHỐ ĐƯỜNG LÁNG - VỈA HÈ KINH DOANH - MỘT MẶT PHỐ - MỘT MẶT NGÕ OTO - THANG MÁY,27 tỷ,45 m²,4,5,"Đống Đa, Hà Nội","Phường Láng Thượng, Đống Đa, Hà Nội",21.0231298,105.8045056
Chỉ 4950 triệu nhận ngay căn 3ng full nội thất tại trung tâm Mỹ Đình sổ đỏ trao tay LH: 0973 351 ***,"4,95 tỷ",85 m²,3,2,"Nam Từ Liêm, Hà Nội","Mỹ Đình I, Đường Trần Hữu Dực, Phường Cầu Diễn, Nam Từ Liêm, Hà Nội",21.0345973,105.7625765
Mặt tiền Cityland Trần Thị Nghỉ (5x20m) - 1 trệt - 4 lầu,23 tỷ,100 m²,6,5,"Gò Vấp, Hồ Chí Minh"," Đường Nguyễn Oanh,  Phường 7,  Gò Vấp,  Hồ Chí Minh",10.8408087,106.6751861
Nhà mới dân xây thiết kế 4pn thoáng mát trung tâm P Thạch Bàn,"7,2 tỷ",50 m²,4,4,"Long Biên, Hà Nội","Đường Thạch Bàn, Phường Thạch Bàn, Long Biên, Hà Nội",21.02598372,105.909623
"Biệt thự khu vực Láng Hạ, Hà Nội 124m2, 5 tầng, MT 12,4m, giá 75 tỷ",75 tỷ,124 m²,3,3,"Ba Đình, Hà Nội","Phố Láng Hạ, Phường Thành Công, Ba Đình, Hà Nội",21.02011401,105.8175368
"Bán nhà nhỏ nhỏ xinh xinh ở Trần Bình Trọng, Bình Thạnh/ SHR",Giá thỏa thuận,"18,55 m²",2,2,"Bình Thạnh, Hồ Chí Minh","Đường Trần Bình Trọng, Phường 5, Bình Thạnh, Hồ Chí Minh",10.81389812,106.6879646
"Bán nhà Khuyến Lương 31m2, 5 tầng, oto đỗ cửa, ở + kinh doanh nhỏ, View công viên, 4.85 tỷ","4,85 tỷ",31 m²,3,3,"Hoàng Mai, Hà Nội","Đường Khuyến Lương, Phường Trần Phú, Hoàng Mai, Hà Nội",20.96891085,105.8829949
Bán nhà phố Ngụy Như Kon Tum 75.2m2* 6 tầng thang máy. Hoàn thiện đẹp vị trí kinh doanh chỉ 28 tỷ,28 tỷ,"75,2 m²",5,5,"Thanh Xuân, Hà Nội","Phố Ngụy Như Kon Tum, Phường Nhân Chính, Thanh Xuân, Hà Nội",21.00128049,105.8039191
"Bán cả căn nhà 6 tầng, thang máy, hầm để xe view tuyệt đẹp, 2 mặt phố và đi lại thuận tiện",135 tỷ,420 m²,6,7,"Tây Hồ, Hà Nội","Đường Âu Cơ, Phường Nhật Tân, Tây Hồ, Hà Nội",21.07304208,105.8254423
Nhà phố khu Cityland Park Hills Lotte Mart (5x20m) đang cho thuê 42tr/tháng,"16,3 tỷ",100 m²,8,5,"Gò Vấp, Hồ Chí Minh"," Đường Phan Văn Trị,  Phường 10,  Gò Vấp,  Hồ Chí Minh",10.83361503,106.6697968
"Nhà TK đẹp như trong tranh, ngõ Tam Trinh, 4 tầng, cách mặt phố 80m, 45m2, 5 tỷ",5 tỷ,45 m²,3,3,"Hoàng Mai, Hà Nội","Đường Tam Trinh, Phường Yên Sở, Hoàng Mai, Hà Nội",20.97352313,105.8662059
"Cần trả nợ ngân hàng bán gấp căn nhà đường Xô Viết Nghệ Tĩnh, quận Bình Thạnh. Giá 4tỷ850. SHR","4,85 tỷ",28 m²,2,2,"Bình Thạnh, Hồ Chí Minh","Đường Xô Viết Nghệ Tĩnh, Phường 21, Bình Thạnh, Hồ Chí Minh",10.79052215,106.707997
"Chính chủ bán căn hộ chung cư The Zenpark 2,73 tỷ, 49 m2","2,73 tỷ",49 m²,1,1,"Gia Lâm, Hà Nội"," Đường Đông Dư,  Thị trấn Trâu Quỳ,  Gia Lâm,  Hà Nội",21.00686405,105.9511242
"CHDV Mỹ Đình xây mới 50m2x7T 12P KK, TM, 2 thoáng, oto đỗ cửa, GPXD & PCCC đầy đủ. dòng tiền khủng",12 tỷ,50 m²,12,12,"Nam Từ Liêm, Hà Nội","đường Mỹ Đình, Phường Mỹ Đình 1, Nam Từ Liêm, Hà Nội",21.0225553,105.7745635
"Nhà 2 lầu HXH, đường Hồng Lạc, P.11, quận - TB","8,9 tỷ",61 m²,5,5,"Tân Bình, Hồ Chí Minh","Đường Hồng Hạc, Phường 11, Tân Bình, Hồ Chí Minh",10.7890447,106.6480636
"HÀNG HIẾM PHỐ TRẦN DUY HƯNG 27,3TỶ _11TẦNG _MT/7M _DÒNG TIỀN 150TR/THÁNG_20M RA MẶT PHỐ _VÍP","27,3 tỷ",90 m²,20,20,"Cầu Giấy, Hà Nội","Đường Trần Duy Hưng, Phường Trung Hòa, Cầu Giấy, Hà Nội",21.00957665,105.7980323
"Bán nhà K347 Cách Mạng Tháng 8, Hoà Thọ Đông, Cẩm Lệ, Đà Nẵng. Cách đường chính 50m","2,5 tỷ",55 m²,2,2,"Cẩm Lệ, Đà Nẵng","K347 Cách Mạng Tháng Tám, Phường Hòa Thọ Đông, Cẩm Lệ, Đà Nẵng",16.01539257,108.2013247
"Bán nhà mặt hồ Quảng An, Tây Hồ 300m2 đường ô tô view thoáng vĩnh viễn, giá 50 tỷ",50 tỷ,300 m²,5,5,"Tây Hồ, Hà Nội","Đường Âu Cơ, Phường Quảng An, Tây Hồ, Hà Nội",21.06532029,105.8289112
"Chính chủ bán căn hộ tại Riverside Garden giá tốt chỉ 5 tỷ, 70m2, 2pn, 2PT",5 tỷ,70 m²,2,2,"Thanh Xuân, Hà Nội"," Phố Vũ Tông Phan,  Phường Khương Đình,  Thanh Xuân,  Hà Nội",20.98291539,105.8162561
"Chung cư Việt Hưng 84m2 3PN/2WC nhà đẹp về ở ngay giá 3,9 tỷ","3,9 tỷ",84 m²,4,2,"Long Biên, Hà Nội"," Phường Giang Biên,  Long Biên,  Hà Nội",21.064662,105.9176926
"Vị trí vàng ngay trung tâm 1 trục Hoàng Hoa Thám P. 5 Bình Thạnh, 4.2x20m, 4 tầng đúc - nhỉnh 12tỷ","12,8 tỷ",80 m²,7,7,"Bình Thạnh, Hồ Chí Minh","Đường Hoàng Hoa Thám, Phường 5, Bình Thạnh, Hồ Chí Minh",10.80916875,106.6870914
"Bán nhà Tam Trinh, ô tô đỗ cổng, 30m ra phố, thiết kế đẹp, 5 ngủ, 36/65m2, 5.98 tỷ","5,98 tỷ",65 m²,5,4,"Hoàng Mai, Hà Nội","Đường Tam Trinh, Phường Yên Sở, Hoàng Mai, Hà Nội",20.97352313,105.8662059
"Phân Lô phố Lạc Trung, nhà dân 6 tầng, mặt tiền 6m cực đẹp phù hợp mọi loại hình",24 tỷ,80 m²,7,6,"Hai Bà Trưng, Hà Nội","Phố Lạc Trung, Phường Vĩnh Tuy, Hai Bà Trưng, Hà Nội",21.00300972,105.8682548
"Bán Nhà mới 100%, 58.6m2, 3PN, 4WC, 1T2L, đường 9m, KDC Đ. Long Thuận, gần Vinhomes Quận 9","4,3 tỷ","58,6 m²",3,3,"Quận 9, Hồ Chí Minh","Đường Long Thuận, Phường Long Phước, Quận 9, Hồ Chí Minh",10.8063168,106.7784645
"Siêu hiếm CHCC Việt Hưng 150m 4 phòng ngủ ban công Đông Nam giá 6,45 ỷ","6,5 tỷ",150 m²,4,2,"Long Biên, Hà Nội","Khu đô thị Việt Hưng, Giang Biên, Long Biên, Hà Nội",21.0680478,105.9080825
"ĐỘC QUYỀN QUỸ CĂN STUDIO S1 - 17 - 08, GIÁ RẺ, SYMPHONY - VIEW HƯỚNG SÔNG ĐẸP NGẤT NGÂY","3,6 tỷ","40,2 m²",1,1,"Sơn Trà, Đà Nẵng"," Đường Trần Hưng Đạo,  Phường Nại Hiên Đông ,  Sơn Trà,  Đà Nẵng",16.0847794,108.2288696
"BÁN CĂN GÓC 7 TẦNG TẠI YÊN LÃNG, ĐỐNG ĐA. DT 56.7M2 X MT 10M. THÔNG SÀN, GARA Ô TÔ - THANG MÁY","29,5 tỷ","56,7 m²",4,6,"Đống Đa, Hà Nội","Đường Yên Lãng, Phường Thịnh Quang, Đống Đa, Hà Nội",21.0085471,105.8174276
"SIÊU HIẾM! LÔ GÓC 7 TẦNG MẶT HỒ LINH QUANG, ĐỐNG ĐA, DT 44M2 X MT 7M, VỈA HÈ, ÔTÔ TRÁNH, KINH DOANH","24,5 tỷ",44 m²,5,5,"Đống Đa, Hà Nội","Phố Khâm Thiên, Phường Khâm Thiên, Đống Đa, Hà Nội",21.01918038,105.8356881
"VIP KIM CƯƠNG TP BẮC GIANG - LINN HOTEL ĐẸP XUẤT SẮC, DÒNG TIỀN HÀNG THÁNG 450 TRIỆU",78 tỷ,216 m²,40,40,"Bắc Giang, Bắc Giang","Đường Nguyễn Thị Lưu 2, Phường Ngô Quyền, Bắc Giang, Bắc Giang",21.27937174,106.1984708
HÀNG NGỘP TẠI CH THE RIVER THỦ THIÊM: (2PN - 11 TỶ); (3PN - 18 TỶ); (4PN - 42 TỶ); LH: 0902 898 ***,18 tỷ,140 m²,3,2,"Quận 2, Hồ Chí Minh"," Đường Nguyễn Cơ Thạch,  Phường An Khánh,  Quận 2,  Hồ Chí Minh",10.80484845,106.7167622
BÁN CĂN SHOPHOUSE GÓC 5 MẶT TIỀN VIP TẠI VINHOMES VŨ YÊN,"19,5 tỷ",180 m²,4,4,"Thủy Nguyên, Hải Phòng"," Phường Thủy Hà,  Thủy Nguyên,  Hải Phòng",20.9325476,106.7084724
"CHỐT NGAY CĂN 2PN-2WC MASTERI LAKE SIDE VHOCP1 VIEW TRỰC DIỆN HỒ 29HA SIÊU ĐẸP, GIÁ TỐT NHẤT","4,62 tỷ",70 m²,2,2,"Gia Lâm, Hà Nội"," Thị trấn Trâu Quỳ,  Gia Lâm,  Hà Nội",21.0097832,105.9380275
"GIÁ GÔC CĐT -18TỶ BIỆT THỰ INDOCHINE ĐƠN LẬP MẶT SÔNG LỄ HỘI, VIEW PHÁO HOA ĐƯỜNG 30M SUN HÀ NAM",40 tỷ,200 m²,5,3,"Phủ Lý, Hà Nam"," Phường Lam Hạ,  Phủ Lý,  Hà Nam",20.5448086,105.9131808
"SIÊU PHẨM MỞ BÁN OS2- THE OPUS ONE- TỪ CĐT VINHOMES! TẶNG VF3, CK 11%, GÓI NT 280 TR, ĐỘC QUYỀN 3PN","5,8 tỷ",80 m²,2,2,"Quận 9, Hồ Chí Minh","The Opus One - Vinhomes Grand Park, Long Bình, Quận 9, Hồ Chí Minh",10.7589554,106.6730492
"NHẬN GIỮ CHỖ ECO RETREAT, MỞ BÁN ĐỢT ĐẦU TIÊN, GIÁ GỐC CĐT, ƯU ĐÃI CỰC KỲ HẤP DẪN 0909 953 ***",Giá thỏa thuận,120 m²,4,2,"Bến Lức, Long An"," Xã Thanh Phú,  Bến Lức,  Long An",10.6661421,106.5117389
"THÁP SAPPHIRE RẺ NHẤT BCONS CITY, LIỀN KỀ METRO, CỌC 30TR TẶNG TM 40TR, 1.5CV, HĐ THUÊ 336 TRIỆU","1,98 tỷ",52 m²,1,1,"Dĩ An, Bình Dương"," Đường Thống Nhất,  Phường Đông Hòa,  Dĩ An,  Bình Dương",10.8946458,106.7811372
"GIỎ HÀNG GIÁ TỐT NHẤT CĂN HỘ LAVIDA PLUS, CHỈ TỪ 2.2 TỶ, DIỆN TÍCH ĐA DẠNG 37.4 M2 - 75 M2 - 93 M2","2,2 tỷ","37,4 m²",1,1,"Quận 7, Hồ Chí Minh"," Đường Nguyễn Văn Linh,  Phường Tân Phong,  Quận 7,  Hồ Chí Minh",10.72905903,106.7120219
"BÁN CĂN HỘ GẦN VIN CỔ LOA 3 PHÒNG NGỦ 98,6M2, GIÁ: 4,8 TỶ","4,8 tỷ","98,6 m²",3,2,"Đông Anh, Hà Nội"," Đường 5,  Xã Đông Hội,  Đông Anh,  Hà Nội",21.13968625,105.8518553
"QUỸ CĂN STUDIO - 1PN - 2PN - 3PN MASTERI TRINITY SQUARE VHOCP2 ĐẸP NHẤT, RẺ NHẤT DỰ ÁN-CK TỚI 14,3%",Giá thỏa thuận,61 m²,2,2,"Văn Giang, Hưng Yên"," Xã Long Hưng,  Văn Giang,  Hưng Yên",20.942226,105.957565
CĂN HỘ STOWN GATEWAY MẶT TIỀN QUỐC LỘ 13 - THANH TOÁN 169 TRIỆU NHẬN NHÀ - BANK HỔ TRỢ VAY 80%,"1,7 tỷ",50 m²,2,1,"Thuận An, Bình Dương"," Đường Quốc Lộ 13,  Phường Vĩnh Phú,  Thuận An,  Bình Dương",10.8723579,106.7047852
"NHẬN BOOKING 2 TÒA THÁP ĐÔI KEPLER LAND MỖ LAO, HÀ ĐÔNG. GIÁ 78TR/M2, HTLS 0%. CĂN 1PN - 3PN. CK 3%",Giá thỏa thuận,80 m²,2,2,"Hà Đông, Hà Nội"," Đường Vũ Trọng Khánh,  Phường Mỗ Lao,  Hà Đông,  Hà Nội",20.9821715,105.7842539
BÁN NHANH CĂN HỘ ĐỂ ĐI NƯỚC NGOÀI -GIÁ SIÊU TỐT - 76M2 - 2WC - 2PN - VIEW TRỰC DIỆN SÔNG HÀN,"3,89 tỷ",82 m²,2,2,"Hải Châu, Đà Nẵng","Vista Residence Da Nang, Đường Xô Viết Nghệ Tĩnh, Phường Hòa Cường Nam, Hải Châu, Đà Nẵng",16.03243564,108.2197473
BÁN CĂN GÓC 4 PHÒNG NGỦ 140M2 CHUNG CƯ SUNSHINE GARDEN,"6,88 tỷ",140 m²,4,3,"Hai Bà Trưng, Hà Nội"," Đường Dương Văn Bé,  Phường Vĩnh Tuy,  Hai Bà Trưng,  Hà Nội",20.99506525,105.8729502
"CĂN HỘ THE SUN AVENUE 2PN 2WC VIEW SÔNG THOÁNG MÁT CHỈ 5,5TỶ","5,5 tỷ",76 m²,2,2,"Quận 2, Hồ Chí Minh","The Sun Avenue, 28, Đường Mai Chí Thọ, Phường An Phú, Quận 2, Hồ Chí Minh",10.79748225,106.7524705
CẬP NHẬP BẢNG HÀNG CHUYỂN NHƯỢNG DỰ ÁN VINHOMES SMART CITY NGÀY 27/3/2025 QUỸ CĂN GIÁ TỐT NHẤT,Giá thỏa thuận,27 m²,1,1,"Nam Từ Liêm, Hà Nội"," Phường Tây Mỗ,  Nam Từ Liêm,  Hà Nội",21.0096762,105.7445572
BÁN CĂN HỘ DULEX 170M2 SUNSHINE GREEN ICONIC,"12,8 tỷ",170 m²,3,4,"Long Biên, Hà Nội","Sunshine Green Iconic, Phường Phúc Đồng, Long Biên, Hà Nội",21.0395447,105.8979468
"GIỎ HÀNG ĐỘC QUYỀN HƠN 99 CĂN THE RIVER THỦ THIÊM SỔ HỒNG, VIEW ĐẸP NHẤT, GIÁ TỐT NHẤT THỊ TRƯỜNG",11 tỷ,94 m²,2,2,"Quận 2, Hồ Chí Minh"," Đường Nguyễn Cơ Thạch,  Phường An Khánh,  Quận 2,  Hồ Chí Minh",10.80484845,106.7167622
"MỞ BÁN CHUNG CƯ CAO CẤP - HÀ NỘI MELODY - LINH ĐÀM - CHỈ TỪ 1,5 TỶ - NHẬN CK 8%. HTLS 70% TỪ CĐT","3,94 tỷ",68 m²,2,2,"Hoàng Mai, Hà Nội"," Đường Bằng Liệt,  Phường Hoàng Liệt,  Hoàng Mai,  Hà Nội",20.966795,105.824457
"CĂN HỘ STU, 1BR, 2BR, 3BR, DUPLEX TẠI SUN SYMPHONY | GIÁ TỪ CHỦ ĐẦU TƯ | CHIẾT KHẤU 21%",3 tỷ,"40,2 m²",1,1,"Sơn Trà, Đà Nẵng"," Đường Trần Hưng Đạo,  Phường Nại Hiên Đông ,  Sơn Trà,  Đà Nẵng",16.0847794,108.2288696
"CỰC HIẾM! BÁN SHOPHOUSE TẠI KĐT ÂN PHÚ, 100M2, ĐƯỜNG RỘNG 32M. GIÁ CỰC TỐT TRỰC TIẾP TỪ CHỦ ĐẦU TƯ.",Giá thỏa thuận,100 m²,6,6,"Buôn Ma Thuột, Đắk Lắk"," Đường Hà Huy Tập,  Phường Tân An,  Buôn Ma Thuột,  Đắk Lắk",12.7003254,108.0704686
"CHÍNH CHỦ CẦN TIỀN BÁN GẤP CĂN VỊNH TÂY 12 GIÁ 2,7 TỶ. GẦN 10 TÒA CHUNG CƯ, CHO THUÊ 30TR/ THÁNG",9 tỷ,75 m²,5,5,"Văn Giang, Hưng Yên"," Xã Nghĩa Trụ,  Văn Giang,  Hưng Yên",20.9298976,105.963275
"CHÍNH THỨC NHẬN BOOKING RỔ HÀNG CUỐI CÙNG CELADON CITY - CHỈ CẦN THANH TOÁN 1,3 TỈ NHẬN NHÀ Ở NGAY","5,86 tỷ",85 m²,2,2,"Tân Phú, Hồ Chí Minh","Celadon City, N1, Sơn Kỳ, Tân Phú, Hồ Chí Minh",10.80469525,106.6204799
"BÁN CĂN LIỀN KỀ GÓC BÌNH MINH BM09-1X - GẦN CÔNG VIÊN - 26,7 TỶ DỰ ÁN VINHOMES WONDER CITY","26,7 tỷ","122,7 m²",6,4,"Đan Phượng, Hà Nội"," Xã Tân Hội,  Đan Phượng,  Hà Nội",21.09337,105.6980589
"BÁN CĂN BT NAM CƯỜNG DƯƠNG NỘI HÀ ĐÔNG 212M2 SẴN SỔ HỒNG SÁT MẶT ĐƯỜNG 17,5M GIÁ 35TỶ LH 0969 524 ***",35 tỷ,212 m²,4,5,"Hà Đông, Hà Nội"," Đường Tố Hữu,  Phường Dương Nội,  Hà Đông,  Hà Nội",20.9809284,105.74637
"MỞ BÁN PHÂN KHU LIỀN KỀ, BIỆT THỰ VIP NHẤT DỰ ÁN SUN URBAN CITY HÀ NAM, QUÀ TẶNG CHIẾT KHẤU TỚI 17%",17 tỷ,175 m²,6,4,"Phủ Lý, Hà Nam"," Đường Lê Công Thanh,  Phường Lam Hạ,  Phủ Lý,  Hà Nam",20.5448086,105.9131808
"ĐỘC QUYỀN QUỸ CĂN 1N- 2N- 3N TRINITY SQUARE, HỖ TRỢ 0% LÃI SUẤT, MIỄN PHÍ DỊCH VỤ, GIÁ CHỈ TỪ 55TR","3,3 tỷ",60 m²,2,2,"Văn Giang, Hưng Yên"," Xã Nghĩa Trụ,  Văn Giang,  Hưng Yên",20.9298976,105.963275
CHỊ GÁI EM CẦN TIỀN NÊN MUỐN BÁN LẠI CĂN HỘ TOÀ AN BÌNH CITY 232 - PHẠM VĂN ĐỒNG,"5,85 tỷ",73 m²,2,2,"Bắc Từ Liêm, Hà Nội","An Bình City, 232, Đường Phạm Văn Đồng, Phường Cổ Nhuế 1, Bắc Từ Liêm, Hà Nội",21.05891727,105.7828288
"CHÍNH CHỦ BÁN CĂN HỘ 2N - 2WC TOÀ R101 PHÂN KHU RUBY CAO CẤP, FULL NỘI THẤT MỚI, SỔ ĐỎ, VIEW THOÁNG","4,35 tỷ",75 m²,2,2,"Gia Lâm, Hà Nội"," Đường Lý Thánh Tông,  Xã Dương Xá,  Gia Lâm,  Hà Nội",21.0046345,105.970087
ORCHARD HEIGHTS - BÁN CĂN 2PN ĐẶC BIỆT - SKY GARDEN - SÂN VƯỜN RIÊNG - QUÀ TẶNG KHUYẾN MÃI HẤP DẪN,"3,75 tỷ",75 m²,2,2,"Thủ Dầu Một, Bình Dương"," Đường Hùng Vương,  Phường Phú Mỹ,  Thủ Dầu Một,  Bình Dương",11.02003055,106.6826257
"CẬP NHẬT GIỎ HÀNG 1,2,3PN +SHOP Q7 SAIGON RIVERSIDE THÁNG 4/2025. CHỈ TỪ 2.5 TỶ/CĂN, HỖ TRỢ NH 70%","2,5 tỷ",53 m²,2,1,"Quận 7, Hồ Chí Minh"," Đường Đào Trí,  Phường Phú Thuận,  Quận 7,  Hồ Chí Minh",10.7343127,106.7412277
BÁN CĂN LK VỊNH TÂY 5 DT 70M2 HỖ TRỢ 0% LÃI SUẤT TRONG 30 THÁNG TẠI VIN OCEAN PARK 3 - GIÁ 8.8 TỶ,"8,8 tỷ",70 m²,6,4,"Văn Giang, Hưng Yên"," Xã Nghĩa Trụ,  Văn Giang,  Hưng Yên",20.9298976,105.963275
HOT! CĂN HỘ HAI PHÒNG NGỦ 45.5M2 | TRẢ TRƯỚC 560 TRIỆU | HAI NĂM KHÔNG CẦN ĐÓNG THÊM.,"2,5 tỷ","45,5 m²",2,1,"Văn Giang, Hưng Yên","Masteri Trinity Square , Đường Biển Xanh, Xã Nghĩa Trụ, Văn Giang, Hưng Yên",20.9298976,105.963275
"ALNATA PLUS 2 - 3PN, BAN CÔNG 6M. CK 17% - BAO THUẾ PHÍ + 5% SỔ. VIEW CHỮA LÀNH. MIỄN PQL","5,09 tỷ",85 m²,2,2,"Tân Phú, Hồ Chí Minh","Diamond Alnata Plus - Celadon City, N1, Sơn Kỳ, Tân Phú, Hồ Chí Minh",10.8040522,106.6206836
"BÁN NHÀ HOÀN CÔNG TẠI KHU ĐÔ THỊ NĂM SAO 2,56 TỶ, 100M2 ĐƯỜNG 835B, XÃ PHƯỚC LÝ","2,56 tỷ",100 m²,4,3,"Cần Giuộc, Long An","Đường 835B, Xã Phước Lý, Cần Giuộc, Long An",10.6455119,106.5746451
"ĐỘC QUYỀN 5 CĂN VIEW ĐẸP, GIÁ TỐT NHẤT TRONG THÁNG 3 TẠI THE OPUS ONE, CHỈ TỪ 60TR/M2 - NHANH TAY","3,24 tỷ",54 m²,2,1,"Quận 9, Hồ Chí Minh"," Phường Long Bình,  Quận 9,  Hồ Chí Minh",10.7589554,106.6730492
"BÁN CC 2PN, 2WC TẠI VINHOMES OCEAN PARK GIA LÂM, 3,39 TỶ, 64M2","3,39 tỷ",64 m²,2,2,"Gia Lâm, Hà Nội","Vinhomes Ocean Park Gia Lâm, Dương Xá, Gia Lâm, Hà Nội",21.0046345,105.970087
"HÀNG SỈ CH RICHSTAR 2 - 3PN GIÁ GIẢM SÂU, ĐỦ NỘI THẤT, NHÀ MỚI ĐẸP, XEM NHÀ 24/7, VAY NGÂN HÀNG 70%","2,8 tỷ",65 m²,2,2,"Tân Phú, Hồ Chí Minh"," Đường Hòa Bình,  Phường Hiệp Tân,  Tân Phú,  Hồ Chí Minh",10.943957,106.7420867
CĂN HỘ VIEW SÔNG HÀN - CAM KẾT DÒNG TIỀN 14-26 TRIỆU/THÁNG,"4,1 tỷ",82 m²,2,2,"Hải Châu, Đà Nẵng"," Đường Xô Viết Nghệ Tĩnh,  Phường Hòa Cường Nam,  Hải Châu,  Đà Nẵng",16.0324667,108.219997
BÁN SHOPHOUSE PHÂN LÔ 90M2 XÂY 6 TẦNG TẠI TP TỪ SƠN(CẠNH CHỢ NINH HIỆP) KHANG PHÁT DIAMOND CENTRAL,"7,7 tỷ",90 m²,8,6,"Từ Sơn, Bắc Ninh"," Đường Trần Phú,  Phường Đình Bảng,  Từ Sơn,  Bắc Ninh",21.11173943,105.9480824
TT 20% - NHẬN CĂN ĐẸP VIP - LỢI NHUẬN ~240TR/NĂM - TẶNG SUẤT ĐỖ Ô TÔ ĐỊNH DANH + 12TH PQL,"5,5 tỷ",85 m²,2,2,"Tân Phú, Hồ Chí Minh","Celadon City, N1, Sơn Kỳ, Tân Phú, Hồ Chí Minh",10.80469525,106.6204799
"MỞ BÁN CĂN HỘ CAO CẤP THE GIÓ - AN GIA GROUP, DĨ AN BÌNH DƯƠNG. NHẬN BÁO GIÁ & CHÍNH SÁCH MỚI NHẤT",Giá thỏa thuận,"40,84 m²",1,1,"Dĩ An, Bình Dương"," Đường Vành Đai 3,  Phường Bình Thắng,  Dĩ An,  Bình Dương",10.89908843,106.8237522
SIÊU ĐẸP CĂN HỘ 3PN ĐẲNG CẤP TẦNG CAO NHƯ CĂN PENTHOUSE CÓ 1 0 2 CỦA DỰ ÁN SYMPHONY 0905 444 *** TÂN,"8,9 tỷ",99 m²,3,2,"Sơn Trà, Đà Nẵng"," Đường Trần Hưng Đạo,  Phường Nại Hiên Đông ,  Sơn Trà,  Đà Nẵng",16.0847794,108.2288696
BÁN NHANH CĂN GÓC 2N + FULL NỘI THẤT TẦNG 24 VIEW BỂ BƠI PHÂN KHU THE SAPPHIRE,Giá thỏa thuận,"64,7 m²",3,2,"Nam Từ Liêm, Hà Nội"," Phường Tây Mỗ,  Nam Từ Liêm,  Hà Nội",21.0096762,105.7445572
ĐẶT CHỖ CĂN HỘ 5 SAO VIEW BIỂN ĐẸP NHẤT SUN CÁT BÀ - ĐẲNG CẤP ĐẦU TƯ ĐẦU NĂM 2025 MỞ BÁN ĐỢT 1,Giá thỏa thuận,31 m²,1,1,"Cát Hải, Hải Phòng"," Thị trấn Cát Bà,  Cát Hải,  Hải Phòng",20.7321058,107.0483333
"QUỸ CĂN SIÊU VIP TOWNHOUSE, BIỆT THỰ MẶT SÔNG HÀN, NGẮM PHÁO HOA ĐÀ NẴNG CK 12,5% TỪ CĐT SUN GROUP","15,34 tỷ",108 m²,5,6,"Sơn Trà, Đà Nẵng"," Đường Trần Hưng Đạo,  Phường Nại Hiên Đông ,  Sơn Trà,  Đà Nẵng",16.0847794,108.2288696
"ĐỘC QUYỀN GIỎ HÀNG GIÁ TỐT NHẤT ORIGAMI, CK LÊN ĐẾN 25%, TẶNG GÓI NỘI THẤT LÊN ĐẾN 250TR","2,84 tỷ",68 m²,2,2,"Quận 9, Hồ Chí Minh","The Origami - Vinhomes Grand Park, Phước Thiện, Long Bình, Quận 9, Hồ Chí Minh",10.7589554,106.6730492
"GIỎ HÀNG ĐỘC QUYỀN F0 TỪ CĐT CÁC SẢN PHẨM CĂN HỘ, DUPLEX, TOWNHOUSE, SHOPHOUSE, BIỆT THỰ VEN SÔNG",Giá thỏa thuận,88 m²,2,2,"Sơn Trà, Đà Nẵng"," Đường Trần Hưng Đạo,  Phường Nại Hiên Đông ,  Sơn Trà,  Đà Nẵng",16.0847794,108.2288696
CĂN HỘ 1PN + QUỸ CĂN NGOẠI GIAO - VIEW TRỰC DIỆN SÔNG HÀN & PHÁO HOA - DUY NHẤT CÒN LẠI,"5,59 tỷ","59,6 m²",2,1,"Sơn Trà, Đà Nẵng"," Đường Trần Hưng Đạo,  Phường Nại Hiên Đông ,  Sơn Trà,  Đà Nẵng",16.0847794,108.2288696
BÁN GẤP BIỆT THỰ TỨ LẬP ÁNH DƯƠNG 120M2 VIEW HỒ SIÊU RẺ HTLS 30 THÁNG LH 0919 579 ***,"18,1 tỷ",120 m²,4,3,"Văn Giang, Hưng Yên"," Xã Nghĩa Trụ,  Văn Giang,  Hưng Yên",20.9298976,105.963275
"GIỎ HÀNG ĐỘC QUYỀN TRƯỞNG PHÒNG KINH DOANH SUN GROUP - CĂN HỘ, SHOPHOUSE, VILLA GIÁ CHỈ TỪ 3 TỶ","4,47 tỷ",71 m²,2,2,"Sơn Trà, Đà Nẵng"," Đường Trần Hưng Đạo,  Phường Nại Hiên Đông ,  Sơn Trà,  Đà Nẵng",16.0847794,108.2288696
"ĐỘC QUYỀN GIỎ HÀNG GIÁ TỐT NHẤT BEVERLY SOLARI, CK LÊN ĐẾN 17.3%, TẶNG GÓI NỘI THẤT LÊN ĐẾN 200TR","3,16 tỷ",67 m²,2,2,"Quận 9, Hồ Chí Minh"," Phường Long Bình,  Quận 9,  Hồ Chí Minh",10.7589554,106.6730492
CĂN HỘ VIEW SÔNG THẢO ĐIỀN GREEN - GIỎ HÀNG CĐT - CK 8% - HTLS 24 THÁNG - MIỄN PHÍ PQL ĐẾN 08/2026,23 tỷ,109 m²,3,2,"Quận 2, Hồ Chí Minh"," Đường Nguyễn Văn Hưởng,  Phường Thảo Điền,  Quận 2,  Hồ Chí Minh",10.81604325,106.7282586
"CC MASTERI GRAND AVENUE, GIÁ DỰ KIẾN 3,5 TỶ, 28M2, 1PN, 1WC, TÂY BẮC, ĐÔNG NAM",Giá thỏa thuận,28 m²,1,1,"Đông Anh, Hà Nội"," Đường Trường Sa,  Xã Đông Hội,  Đông Anh,  Hà Nội",21.09922938,105.8564629
"CĂN HỘ THE GIÓ RIVERSIDE GIÁ RẺ CHỈ 160TR SỞ HỮU NGAY, TẶNG 50TR + 1 CHỈ VÀNG KHI BOOKING",Giá thỏa thuận,"65,5 m²",2,2,"Dĩ An, Bình Dương","The Gió Riverside, Số 935, Đường ĐT 743A, Phường Bình Thắng, Dĩ An, Bình Dương",10.90155585,106.8317875
"BÁN CĂN HỘ 2PN, 2WC FULL NT TẠI THẢO ĐIỀN GREEN, NGUYỄN VĂN HƯỞNG, Q2, GIÁ 10,692 TỶ, 83,7M2","10,69 tỷ","83,7 m²",2,2,"Quận 2, Hồ Chí Minh","Thảo Điền Green, Nguyễn Văn Hưởng, Thảo Điền, Quận 2, Hồ Chí Minh",10.81604325,106.7282586
"CĂN 1PN + VIEW ĐẸP NHẤT DỰ ÁN TRINITY SQUARE, GIÁ CHỈ 55TR/M2","2,53 tỷ","45,7 m²",1,1,"Văn Giang, Hưng Yên","Masteri Trinity Square , Đường Biển Xanh, Xã Nghĩa Trụ, Văn Giang, Hưng Yên",20.9298976,105.963275
"SHOCK MASTERI 52TR/M2 LẦN ĐẦU CÓ TẠI VIỆT NAM, VIEW CÔNG VIÊN VÀ NGẮM PHÁO HOA TẠI NHÀ",Giá thỏa thuận,"45,6 m²",1,1,"Văn Giang, Hưng Yên"," Xã Nghĩa Trụ,  Văn Giang,  Hưng Yên",20.9298976,105.963275
[FLY CAM QUAY RÕ CĂN] THOẢ MÃN 100% KH NHỮNG CĂN VIP NHẤT THANH XUÂN VALLEY CHƯA TỪNG ĐƯỢC CÔNG BỐ,13 tỷ,400 m²,5,5,"Phúc Yên, Vĩnh Phúc"," Xã Ngọc Thanh,  Phúc Yên,  Vĩnh Phúc",21.2332705,105.7035505
"CHỈ VỚI 1,6 TỶ SỞ HỮU NGAY CĂN HỘ THE GIÓ DĨ AN XA LỘ HÀ NỘI - THANH TOÁN CHẬM 0% LÃI SUẤT + GỐC",Giá thỏa thuận,65 m²,2,2,"Dĩ An, Bình Dương","The Gió Riverside, Đường Vành Đai 3, Phường Bình Thắng, Dĩ An, Bình Dương",10.89908843,106.8237522
"CĂN HỘ KEPLER LAND MỖ LAO GIÁ CHỈ TỪ 78TR/M2, 3 HẦM ĐỂ XE, NHẬN NHÀ Q3/2026 HTLS 18T MIỄN PDV 2 NĂM",Giá thỏa thuận,45 m²,1,1,"Hà Đông, Hà Nội"," Đường Vũ Trọng Khánh,  Phường Mỗ Lao,  Hà Đông,  Hà Nội",20.9821715,105.7842539
"QUỸ CĂN TỪ STUDIO, 1PN-3PN CHÍNH CHỦ, PHÁP LÝ RÕ RÀNG, GIÁ TỐT NHẤT TẠI VINHOMES OCEAN PARK GIA LÂM","2,15 tỷ",47 m²,1,1,"Gia Lâm, Hà Nội"," Xã Dương Xá,  Gia Lâm,  Hà Nội",21.0046345,105.970087
"BÁN CC THE RIVANA 2PN, 2WC, 73M2 GIÁ SIÊU HỜI TẠI QUỐC LỘ 13, THUẬN AN, BÌNH DƯƠNG","2,59 tỷ",73 m²,2,2,"Thuận An, Bình Dương"," Đường Quốc Lộ 13,  Phường Vĩnh Phú,  Thuận An,  Bình Dương",10.8723579,106.7047852
MỞ BÁN GIỎ HÀNG THÁP CAO CẤP NHẤT A4 CỦA CĂN HỘ HẠNG SANG EATON PARK GIÁ CHỈ TỪ 180TR/M2,"14,22 tỷ",79 m²,2,2,"Quận 2, Hồ Chí Minh","Eaton Park, Mai Chí Thọ, An Phú, Quận 2, Hồ Chí Minh",10.795478,106.7365254
"CĂN CENTERY C1 - DT 121M2 CÓ 2 BAN CÔNG, GIÁ 7TY7 (102%)","7,7 tỷ",121 m²,3,3,"Tân Phú, Hồ Chí Minh"," Đường N1,  Phường Sơn Kỳ,  Tân Phú,  Hồ Chí Minh",10.80369491,106.6148742
"HOT! TỔNG HỢP RỔ HÀNG BCONS CITY, GIÁ TRỰC TIẾP CĐT, SANG NHƯỢNG, Ở LIỀN - CAM KẾT GIÁ TỐT NHẤT","1,9 tỷ",52 m²,2,2,"Dĩ An, Bình Dương"," Đường Thống Nhất,  Phường Đông Hòa,  Dĩ An,  Bình Dương",10.8946458,106.7811372
2N LUMIERE SPRINGBAY - VIEW HỒ TẠO SÓNG 18HA. TTS CHỈ 70TR/M2. HTLS 0% ĐẾN 31/6/2027,"4,24 tỷ","60,5 m²",2,2,"Văn Giang, Hưng Yên"," Xã Nghĩa Trụ,  Văn Giang,  Hưng Yên",20.9298976,105.963275
"GIỎ HÀNG ĐỘC QUYỀN F0 MỚI NHẤT CHỦ ĐẦU TƯ SUN GROUP, QUỸ CĂN LIỀN KỀ VÀ CĂN GÓC VỊ TRÍ SIÊU ĐẸP",Giá thỏa thuận,108 m²,5,6,"Sơn Trà, Đà Nẵng"," Đường Trần Hưng Đạo,  Phường Nại Hiên Đông ,  Sơn Trà,  Đà Nẵng",16.08516825,108.2288678
"BÁN BT 5 TẦNG, 80M2 TẠI THE CROWN - VINHOMES OCEAN PARK 3, 11 TỶ VND",11 tỷ,80 m²,10,5,"Văn Giang, Hưng Yên"," Xã Nghĩa Trụ,  Văn Giang,  Hưng Yên",20.9298976,105.963275
BÁN BIỆT THỰ CIPUTRA THÁNG 3 TỐT NHẤT. LIÊN HỆ MS HIỀN 0912 705 ***,61 tỷ,230 m²,6,5,"Tây Hồ, Hà Nội"," Phường Phú Thượng,  Tây Hồ,  Hà Nội",21.081992,105.8073736
"BÁN NHÀ RIÊNG TẠI THÁI HÀ, PHÂN LÔ, ÔTÔ TRÁNH, NGÕ THÔNG, KINH DOANH, DT 54M2, 5T, MT RỘNG, GIÁ TỐT","19,25 tỷ",44 m²,6,3,"Đống Đa, Hà Nội","Phố Thái Hà, Phường Trung Liệt, Đống Đa, Hà Nội",21.01060316,105.8223619
"CHỈ CÒN VÀI SUẤT CK 21% GIỎ HÀNG ĐỘC QUYỀN SUN SYMPHONY RESIDENCE, VIEW PHÁO HOA, TIỀM NĂNG ĐẦU TƯ","5,5 tỷ",100 m²,3,3,"Sơn Trà, Đà Nẵng"," Đường Trần Hưng Đạo,  Phường Nại Hiên Đông ,  Sơn Trà,  Đà Nẵng",16.08516825,108.2288678
"CHỈ 10 SUẤT ĐẶT CHỖ BOOKING ƯU TIÊN, ƯU ĐÃI BT VIEW HỒ - SƯỜN ĐỒI DỰ ÁN THANH XUÂN VALLEY ĐẠI LẢI",13 tỷ,354 m²,5,6,"Phúc Yên, Vĩnh Phúc"," Xã Ngọc Thanh,  Phúc Yên,  Vĩnh Phúc",21.2332705,105.7035505
"ĐỘC QUYỀN QUỸ CĂN THIÊN NGA 75M2 SÁT TRƯỜNG VÀ QUẢNG TRƯỜNG CÔNG VIÊN HỒ, ĐƠN GIÁ RẺ, LH 0946 455 ***","21,7 tỷ",75 m²,4,4,"Đông Anh, Hà Nội"," Đường Cổ Loa,  Xã Đông Hội,  Đông Anh,  Hà Nội",21.13968625,105.8518553
CHIẾT KHẤU 21% DUY NHẤT TRONG THÁNG 3 CĂN HỘ 5* SUN SYMPHONY MẶT SÔNG HÀN ĐÀ NẴNG PKD : 0932 464 ***,3 tỷ,"46,3 m²",2,2,"Sơn Trà, Đà Nẵng"," Đường Trần Hưng Đạo,  Phường Nại Hiên Đông ,  Sơn Trà,  Đà Nẵng",16.08516825,108.2288678
"GIỎ HÀNG 300 CĂN NHÀ PHỐ BIỆT THỰ VINHOMES GRAND PARK GIÁ ĐẦU TƯ, LIÊN HỆ: 0901 002 *** MR SINH",Giá thỏa thuận,180 m²,5,5,"Quận 9, Hồ Chí Minh"," Phường Long Thạnh Mỹ,  Quận 9,  Hồ Chí Minh",10.7589554,106.6730492
"CHÍNH CHỦ, CẦN BÁN NHÀ BIỆT THỰ PHONG CÁCH TÂN CỔ ĐIỂN. ĐẸP, RỘNG THOÁNG, KIÊN CỐ, GIÁ TỐT","16,7 tỷ",230 m²,4,4,"Thủ Đức, Hồ Chí Minh","Đường Số 35, Phường Hiệp Bình Chánh, Thủ Đức, Hồ Chí Minh",10.84002394,106.7309178
"OPAL BOULEVARD 2PN2WC BÁN 2.65TỶ (CHỦ THÂN GỬI GIÁ TỐT) CÓ SỔ, CÓ HỖ TRỢ VAY BANK 0706 679 ***","2,65 tỷ",73 m²,2,2,"Dĩ An, Bình Dương"," Đường Phạm Văn Đồng,  Phường Bình An,  Dĩ An,  Bình Dương",10.9026126,106.8039566
"TT AVIO SUẤT NỘI BỘ 3 CĂN HOA HẬU VIEW ĐẸP, GIÁ BÁN VÀ CHÍNH SÁCH ƯU ĐÃI TỐT NHẤT 0914 570 ***","1,23 tỷ",40 m²,1,1,"Dĩ An, Bình Dương"," Đường Tỉnh lộ 743C,  Phường Tân Đông Hiệp,  Dĩ An,  Bình Dương",10.9214709,106.7668045
"CHÍNH CHỦ CẦN BÁN CĂN 2PN TÒA BEVERLY ĐẸP NHẤT PHÂN KHU, VIEW THÁC NƯỚC NỘI KHU","3,44 tỷ","62,6 m²",2,2,"Gia Lâm, Hà Nội"," Xã Đa Tốn,  Gia Lâm,  Hà Nội",20.9862042,105.930004
"OPAL SKYLINE SỔ HỒNG SẴN GIÁ TỐT: STUDIO 1TỶ150, 2PN 1TỶ699, 3PN 2TỶ390","1,7 tỷ",65 m²,2,2,"Thuận An, Bình Dương"," Đường Nguyễn Văn Tiết,  Phường Lái Thiêu,  Thuận An,  Bình Dương",10.9112291,106.7029705
"CHỈ TỪ 900TR SỞ HỮU NGAY SHOPHOUSE TẠI HIM LAM CENTRAL PARK AN HỒNG, HẢI PHÒNG",Giá thỏa thuận,60 m²,4,4,"Hồng Bàng, Hải Phòng"," Phường An Hồng,  Hồng Bàng,  Hải Phòng",20.9114976,106.6069507
"CH PHÚ ĐÔNG SKY GARDEN 2,79 TỶ 2PN2WC NT CAO CẤP.VIEW ĐẸP, PHÙ HỢP MUA Ở HOẶC ĐẦU TƯ.LH: 0969 790 ***","2,79 tỷ",70 m²,2,2,"Dĩ An, Bình Dương"," Đường An Bình,  Phường An Bình,  Dĩ An,  Bình Dương",10.87141891,106.7551239
"CHÍNH CHỦ BÁN NHÀ GÓC 2 MẶT TIỀN 530 LÊ VĂN SỸ, QUẬN 3 (5,4MX24M) DIỆN TÍCH THỰC 135M2, GIÁ: 49 TỶ",49 tỷ,135 m²,5,5,"Quận 3, Hồ Chí Minh","530, Đường Lê Văn Sỹ, Phường 14, Quận 3, Hồ Chí Minh",10.78940022,106.6750499
"BÁN SHOPHOUSE 120M2 TẠI CĂN HỘ 8X PLUS TRƯỜNG CHINH, GIÁ ƯU ĐÃI 3,8 TỶ VND","3,8 tỷ",120 m²,1,2,"Quận 12, Hồ Chí Minh"," Đường Trường Chinh,  Phường Tân Thới Nhất,  Quận 12,  Hồ Chí Minh",10.82861345,106.6179298
"QUAN TRỌNG! CHÍNH THỨC MỞ BÁN TOÀ OPUS ONE OS2 TRỰC TIẾP CĐT, CÒN 5 SUẤT CHIẾT KHẤU 11% + XE VF3","6,9 tỷ",110 m²,3,2,"Quận 9, Hồ Chí Minh"," Phường Long Bình,  Quận 9,  Hồ Chí Minh",10.7589554,106.6730492
"BÁN BIỆT THỰ 5PN, 4WC, 250M2 TẠI VINHOMES CỔ LOA, GIÁ 17,9 TỶ VND","17,9 tỷ",63 m²,5,4,"Đông Anh, Hà Nội"," Đường Cổ Loa,  Xã Đông Hội,  Đông Anh,  Hà Nội",21.13968625,105.8518553
"BÁN NHÀ LÔ GÓC, 2 MẶT TIỀN, KINH DOANH ĐỈNH, MẶT PHỐ TIẾN THÀNH, DƯƠNG NỘI, HÀ ĐÔNG, HÀ NỘI","17,7 tỷ",50 m²,9,8,"Hà Đông, Hà Nội","Đường Tiến Thành, Phường Dương Nội, Hà Đông, Hà Nội",20.99032652,105.7421362
BOOKING 50TR CHIẾT KHẤU 50TR. GIỎ HÀNG ĐỘC QUYỀN CĐT ƯU TIÊN CHỌN CĂN ĐẸP. LIÊN HỆ 0938 552 ***,Giá thỏa thuận,65 m²,2,2,"Dĩ An, Bình Dương"," Đường Vành Đai 3,  Phường Bình Thắng,  Dĩ An,  Bình Dương",10.89908843,106.8237522
"ĐẦU TƯ CHẮC THẮNG, AN CƯ LÝ TƯỞNG TẠI CĂN HỘ THE HABITAT BINH DUONG - ƯU ĐÃI CHIẾT KHẤU LÊN ĐẾN 10%","3,54 tỷ",77 m²,2,2,"Thuận An, Bình Dương","The Habitat Binh Duong, Hữu Nghị, Bình Hòa, Thuận An, Bình Dương",10.92471764,106.724527
"SỞ HỮU CĂN HỘ BIỂN MIA CENTER POINT CHỈ VỚI 580TR(20%) KÝ HĐMB, TẶNG 10 CHỈ VÀNG + CHIẾT KHẤU 9%",Giá thỏa thuận,70 m²,2,2,"Liên Chiểu, Đà Nẵng"," Đường Ngô Thì Nhậm,  Phường Hòa Khánh Bắc,  Liên Chiểu,  Đà Nẵng",16.0765052,108.1488365
"CHÍNH THỨC CÓ GIÁ TRẦN CĂN HỘ SUN CÁT BÀ, VỐN BAN ĐẦU CHỈ 500TR. L/H EM YẾN NHẬN TT QUỸ CĂN CĂN VIP",Giá thỏa thuận,31 m²,1,1,"Cát Hải, Hải Phòng"," Thị trấn Cát Bà,  Cát Hải,  Hải Phòng",20.7321058,107.0483333
"BÁN CC THE GIÓ RIVERSIDE, DỰ KIẾN 40 TRIỆU/M2, 42M2, 1PN, 1WC, DĨ AN, BÌNH DƯƠNG, SIÊU HOT",Giá thỏa thuận,42 m²,1,1,"Dĩ An, Bình Dương"," Đường Vành Đai 3,  Phường Bình Thắng,  Dĩ An,  Bình Dương",10.89908843,106.8237522
FULL RỔ HÀNG CĐT CHÍNH SÁCH VAY 2 NĂM K GỐC LÃI/ TẶNG 150-600TR/ 1 NĂM PQL. VÀ GIỎ CĂN SANG NHƯỢNG,"4,96 tỷ",83 m²,2,2,"Thủ Đức, Hồ Chí Minh"," Đường Số 6,  Phường Hiệp Bình Phước,  Thủ Đức,  Hồ Chí Minh",10.84293724,106.7203797
"FULL GIỎ HÀNG CHUYỂN NHƯỢNG - NHÀ PHỐ THE GLOBAL CITY T3/2025 MỚI NHẤT - 1 CĂN DUY NHẤT GIÁ 35,6 TỶ","35,6 tỷ",95 m²,5,5,"Quận 2, Hồ Chí Minh"," Đường Đỗ Xuân Hợp,  Phường An Phú,  Quận 2,  Hồ Chí Minh",10.7365876,106.7120245
"ĐÃ CÓ SỔ CHÍNH CHỦ CẦN BÁN CĂN 2PN 74M GIÁ 5,6TỶ VÀ 80M2 6.XTỶ NHẬN NHÀ SANG TÊN SỔ NGAY 0943 223 ***",Giá thỏa thuận,80 m²,2,2,"Long Biên, Hà Nội"," Phường Phúc Đồng,  Long Biên,  Hà Nội",21.0395447,105.8979468
SIÊU PHẨM STUDIO MẶT SÔNG HÀN CUỐI CÙNG CHIẾT KHẤU 21% TỪ CĐT SUNGROUP ĐÀ NẴNG - 0934 702 *** QLDA,"3,6 tỷ","34,8 m²",1,1,"Sơn Trà, Đà Nẵng"," Đường Trần Hưng Đạo,  Phường Nại Hiên Đông ,  Sơn Trà,  Đà Nẵng",16.08516825,108.2288678
BÁN QUỸ BIỆT THỰ ÁNH DƯƠNG GIÁ RẺ NHẤT THỊ TRƯỜNG DT 120M2 GIÁ 17.5 TỶ,"17,8 tỷ",120 m²,6,5,"Văn Giang, Hưng Yên"," Xã Nghĩa Trụ,  Văn Giang,  Hưng Yên",20.9298976,105.963275
"BÁN CĂN HỘ CHUNG CƯ GIÁ TỐT 4,45 TỶ, 70M2 TẠI CỔ NHUẾ 2, BẮC TỪ LIÊM, HÀ NỘI","4,5 tỷ",70 m²,2,2,"Bắc Từ Liêm, Hà Nội","nhà ở cho CBCS Bộ công an , Đường Phạm Văn Đồng, Phường Cổ Nhuế 2, Bắc Từ Liêm, Hà Nội",21.05891727,105.7828288
"LỖ HỔNG ĐẦU TƯ - CHUNG CƯ MASTERIES, ĐỐI DIỆN CÔNG VIÊN TRUNG TÂM VÀ SÂN GOLF",Giá thỏa thuận,63 m²,2,2,"Văn Giang, Hưng Yên"," Xã Long Hưng,  Văn Giang,  Hưng Yên",20.942226,105.957565
"BÁN NHANH QUỸ CĂN 3PN VÀ DUPLEX TẠI DỰ ÁN VIHA LECIVA 107 NGUYÊN TUÂN GIÁ TỐT, CHIẾT KHẤU CAO",Giá thỏa thuận,93 m²,3,2,"Thanh Xuân, Hà Nội","Viha Complex, 107, Đường Nguyễn Tuân, Phường Thanh Xuân Trung, Thanh Xuân, Hà Nội",20.9957616,105.8054269
"CHUYỂN NHƯỢNG - SUẤT NGOẠI GIAO - GIÁ TỐT NHẤT THỊ TRƯỜNG, 3.1 TỶ/2PN, ĐÃ CÓ LỊCH NHẬN NHÀ","3,1 tỷ",76 m²,2,2,"Vũng Tàu, Bà Rịa Vũng Tàu"," Đường Nguyễn Hữu Cảnh,  Phường Nguyễn An Ninh,  Vũng Tàu,  Bà Rịa Vũng Tàu",10.37702668,107.1126643
"GIỎ HÀNG CH GIÁ RẺ DREAM HOME QUẬN 8 - GIÁ ĐẦU TƯ - 1,490 TỶ/CĂN 2PN FULL PHÁP LÝ","1,49 tỷ",56 m²,2,2,"Quận 8, Hồ Chí Minh","Dream Home Riverside, Nguyễn Văn Linh, 7, Quận 8, Hồ Chí Minh",10.6970203,106.6220128
"ĐỘC QUYỀN QUỸ CĂN 2-3-4PN CẦN BÁN GẤP, CẮT LỖ TẠI GOLDMARK CITY -CẬP NHẬT HÀNG NGÀY. LH: 0399 028 ***","6,6 tỷ",110 m²,3,2,"Bắc Từ Liêm, Hà Nội"," Đường Hồ Tùng Mậu,  Phường Phú Diễn,  Bắc Từ Liêm,  Hà Nội",21.04106732,105.7634152
"BÁN CĂN DUPLEX 300M2 4PN, VIEW TRỌN VẸN HỒ TÂY VÀ SÔNG HỒNG - DỰ ÁN HERITAGE WESTLAKE TÂY HỒ",Giá thỏa thuận,300 m²,4,4,"Tây Hồ, Hà Nội"," Đường Lạc Long Quân,  Phường Phú Thượng,  Tây Hồ,  Hà Nội",21.07332352,105.8127116
"CẦN BÁN GẤP BIỆT THỰ PHỐ 7 TẦNG HIỆN ĐẠI 14,5*18M, 69 TỶ TL, KHU ETOWN CỘNG HÒA T. BÌNH, 0902 499 ***",69 tỷ,261 m²,8,10,"Tân Bình, Hồ Chí Minh","Số nhà 25, Đường Lê Văn Huân, Phường 13, Tân Bình, Hồ Chí Minh",10.80402874,106.6404087
"CHỦ NHÀ XỞI LỞI BÁN NHANH 3PN + 2VS, ĐÔNG NAM, VIEW HỒ) - GIÁ 6.1X TỶ BAO PHÍ, TẶNG 2 CHỈ VÀNG","6,1 tỷ",96 m²,3,2,"Long Biên, Hà Nội"," Phường Ngọc Thụy,  Long Biên,  Hà Nội",21.0601064,105.8670441
"THE OPERA THỦ THIÊM: FULL GIỎ HÀNG CHUYỂN NHƯỢNG MỚI NHẤT, 2PN 71M2 CHỈ 19 TỶ. GIÁ TỐT NHẤT DỰ ÁN!",19 tỷ,71 m²,2,2,"Quận 2, Hồ Chí Minh"," Đường Đại Lộ Vòng Cung,  Phường Thủ Thiêm,  Quận 2,  Hồ Chí Minh",10.80484845,106.7167622
"GIỎ HÀNG CĐT TTOÁN 10% NHẬN NHÀ, CHUYỂN NHƯỢNG 2PN 2WC TỪ 2TỶ49, NGÂN HÀNG HỖ TRỢ 70% LH 0909 272 ***","2,49 tỷ","73,79 m²",2,2,"Thuận An, Bình Dương"," Đường Quốc Lộ 13,  Phường Vĩnh Phú,  Thuận An,  Bình Dương",10.8723579,106.7047852
BÁN BIỆT THỰ TỨ LẬP 120M2 NGAY SÁT CÔNG VIÊN NƯỚC 12HA THIẾT KẾ SIÊU ĐẸP,18 tỷ,120 m²,5,3,"Văn Giang, Hưng Yên"," Xã Nghĩa Trụ,  Văn Giang,  Hưng Yên",20.9298976,105.963275
"CHỈ 1,6 TỶ SỞ HỮU CĂN HỘ THE GIÓ RIVERSIDE DĨ AN - THANH TOÁN DỄ DÀNG, 0% LÃI SUẤT + GỐC!",Giá thỏa thuận,40 m²,1,1,"Dĩ An, Bình Dương"," Đường Vành Đai 3,  Phường Bình Thắng,  Dĩ An,  Bình Dương",10.89908843,106.8237522
"CHÍNH CHỦ BÁN GẤP 6 TỶ 500 TRIỆU NHÀ TRỆT HẺM CMT8, PHƯỜNG 11, QUẬN 3, SỔ HỒNG CÔNG NHẬN 82M2 ĐẤT","6,5 tỷ",82 m²,2,2,"Quận 3, Hồ Chí Minh","Hẻm 618 Đường Cách Mạng Tháng Tám, Phường 11, Quận 3, Hồ Chí Minh",10.7862202,106.6698217
"ĐỘC QUYỀN CĂN 3PN GLORY HEIGHT GIÁ RẺ NHẤT HIỆN TẠI CHỈ 4,1 TỶ. LIÊN HỆ EM NGAY Ạ 0906 336 ***",4 tỷ,82 m²,3,2,"Quận 9, Hồ Chí Minh"," Phường Long Thạnh Mỹ,  Quận 9,  Hồ Chí Minh",10.7589554,106.6730492
"ĐỘC QUYỀN MÃ CĂN 1PN+ , VIEW HOA HẬU, MÃ CĂN SIÊU HIẾM TẠI PHÂN KHU BEVERLY, GIÁ CỰC TỐT",3 tỷ,54 m²,1,1,"Quận 9, Hồ Chí Minh"," Phường Long Bình,  Quận 9,  Hồ Chí Minh",10.7589554,106.6730492
CẬP NHẬT QUỸ CĂN CHUYỂN NHƯỢNG SUNSHINE CITY CIPUTRA THÁNG 3/2025 (2PN + 3PN + DUPLEX) GIÁ CHUẨN,"5,8 tỷ",80 m²,2,2,"Bắc Từ Liêm, Hà Nội"," Phường Đông Ngạc,  Bắc Từ Liêm,  Hà Nội",21.0887962,105.7852886
"NHÀ PHỐ TRUNG KÍNH 70M2 SỔ ĐỎ CHÍNH CHỦ, 5 TẦNG HOÀN THIỆN ĐẸP FULL NỘI THẤT MANG QUẦN ÁO ĐẾN LÀ Ở",32 tỷ,70 m²,3,3,"Cầu Giấy, Hà Nội","193 Phố Trung Kính, Phường Yên Hòa, Cầu Giấy, Hà Nội",21.01665806,105.7939798
"(CỰC HOT) 10 CĂN TẦNG ĐẸP NHẤT DỰ ÁN THE CHARM AN HƯNG, GIÁ GỐC CĐT, CHIẾT KHẤU CAO","5,33 tỷ",72 m²,2,2,"Hà Đông, Hà Nội"," Đường Tố Hữu,  Phường La Khê,  Hà Đông,  Hà Nội",20.9696783,105.7601018
"QUỸ NGOẠI GIAO 1PN - 2PN - 3PN MASTERI TRINITY SQUARE VHOCP2 ĐẸP NHẤT, RẺ NHẤT DỰ ÁN - CK TỚI 14,3%",Giá thỏa thuận,30 m²,1,1,"Văn Giang, Hưng Yên"," Xã Nghĩa Trụ,  Văn Giang,  Hưng Yên",20.9298976,105.963275
"BIỆT THỰ XANH KHÉP KÍN CHỈ 13,6 TỶ/CĂN - TIỆN ÍCH RIÊNG ĐẲNG CẤP","13,6 tỷ",240 m²,4,4,"Thạch Thất, Hà Nội"," Xã Yên Bình,  Thạch Thất,  Hà Nội",20.9891349,105.4576923
QUỸ CĂN TỐT NHẤT FUSION VILLA ĐÀ NẴNG VÀ HỖ TRỢ CHO THUÊ -GIÁM ĐỐC DỰ ÁN HƯƠNG REBECCA 0903 407 ***,"33,51 tỷ",514 m²,2,2,"Ngũ Hành Sơn, Đà Nẵng","Fusion Resort & Villas Da Nang, Trường Sa, Hòa Hải, Ngũ Hành Sơn, Đà Nẵng",17.46005145,106.6460452
"GIỎ HÀNG NGOẠI GIAO TÒA OS2 THE OPUS ONE, 65TR/M2 - CƠ HỘI ĐẦU TƯ HIẾM CÓ - BOOKING NGAY 0938 086 ***","5,2 tỷ",80 m²,2,2,"Quận 9, Hồ Chí Minh"," Phường Long Bình,  Quận 9,  Hồ Chí Minh",10.7589554,106.6730492
"CĂN HỘ SÂN VƯỜN CIPUTRA 141.5, 211M2 GIÁ TỪ 14 TỶ, 22 TỶ BÀN GIAO FULL CAO CẤP NHẬN NHÀ NGAY",14 tỷ,"141,5 m²",3,2,"Tây Hồ, Hà Nội"," Phường Phú Thượng,  Tây Hồ,  Hà Nội",21.081992,105.8073736
"ICONIC LB ĐÃ CÓ SỔ 2PN 74M2 80M2 TỪ 5.850 & 80M2 TỪ 5.65TỶ, DUPLEX 169M2 TỪ 13.5TỶ NHẬN NHÀ Ở NGAY","5,65 tỷ",74 m²,2,2,"Long Biên, Hà Nội"," Phường Phúc Đồng,  Long Biên,  Hà Nội",21.0395447,105.8979468
"QŨY CĂN VIP TẦNG ĐẸP GIÁ TỐT TỪ 1,5 TỶ CĂN HỘ SUN URBAN CITY HÀ NAM KÈM QUÀ TẶNG ƯU ĐÃI 100 TRIỆU","2,5 tỷ",93 m²,4,2,"Phủ Lý, Hà Nam"," Đường Lê Công Thanh,  Phường Lam Hạ,  Phủ Lý,  Hà Nam",20.5448086,105.9131808
"BÁN NHÀ SỐ 7 ĐƯỜNG 1A KHU PHỐ 17 P. BÌNH CHIỂU, TP THỦ ĐỨC, DT 272,3M2, 3 LẦU RƯỠI, SẴN SỔ SANG TÊN","10,2 tỷ","272,3 m²",4,5,"Thủ Đức, Hồ Chí Minh","Đường Số 1A, Phường Bình Chiểu, Thủ Đức, Hồ Chí Minh",10.88713286,106.7227378
