Tên dự án,Giá,Diện tích,Phòng ngủ,Phòng vệ sinh,Vị trí,Địa chỉ chi tiết,URL chi tiết
CĐT MỞ BÁN 10 SUẤT ƯU TIÊN MUA BIỆT THỰ LIỀN KỀ 88 - 96 M2 CHIẾT KHẤU TỚI 22% GIÁ TỪ 150 TR/M2,Giá thỏa thuận,88 m²,4,Không có thông tin WC,"Đan Phượng, Hà Nội","Dự án Vinhomes Wonder Park, Xã Tân Hội, Đan Phượng, Hà Nội",https://batdongsan.com.vn/ban-nha-biet-thu-lien-ke-xa-tan-hoi-7-prj-vinhomes-wonder-city/cdt-mo-ban-10-suat-uu-tien-mua-88-96-m2-chiet-khau-toi-22-gia-tu-150-tr-m2-pr42360129
"QUỸ CĂN NGOẠI GIAO HÀNG VIP VỊ TRÍ ĐẸP, GIÁ TỐT TẠI VINHOMES WONDER CITY, ĐAN PHƯỢNG.",Giá thỏa thuận,88 m²,Không có thông tin phòng ngủ,Không có thông tin WC,"Đan Phượng, Hà Nội","Vinhomes Wonder Park, Xã Tân Hội, Đan Phượng, Hà Nội",https://batdongsan.com.vn/ban-nha-biet-thu-lien-ke-xa-tan-hoi-7-prj-vinhomes-wonder-city/quy-can-ngoai-giao-hang-vip-vi-tri-dep-gia-tot-tai-dan-phuong-pr42355771
CENTA RIVERSIDE - ĐÔ THỊ SINGAPORE ĐẦU TIÊN TẠI ĐẤT VUA KINH BẮC - MỞ BÁN PHÂN KHU MỚI. GIÁ GỐC CĐT,"7,7 tỷ",120 m²,3,4,"Từ Sơn, Bắc Ninh","Centa Riverside, Hữu Nghị, Phù Chẩn, Từ Sơn, Bắc Ninh",https://batdongsan.com.vn/ban-nha-biet-thu-lien-ke-duong-huu-nghi-phuong-phu-chan-prj-centa-riverside/-do-thi-singapore-dau-tien-tai-dat-vua-kinh-bac-mo-ban-phan-khu-moi-gia-goc-cdt-pr42275773
"QUỸ 15 CĂN NGOẠI GIAO KHU HỪNG ĐÔNG, BÌNH MINH VIN ĐAN PHƯỢNG GIÁ TỪ 17 TỶ CHIẾT KHẤU 10,5% + 11%",Giá thỏa thuận,88 m²,4,5,"Đan Phượng, Hà Nội","Dự án Vinhomes Wonder Park, Xã Tân Hội, Đan Phượng, Hà Nội",https://batdongsan.com.vn/ban-nha-biet-thu-lien-ke-xa-tan-hoi-7-prj-vinhomes-wonder-city/quy-15-can-ngoai-giao-khu-hung-dong-vin-dan-phuong-gia-tu-17-ty-chiet-khau-10-5-11-pr42343127
CẬP NHẬT QUỸ CĂN CHUYỂN NHƯỢNG GOLDEN RIVER - CIPUTRA GIÁ TỐT NHẤT THÁNG 02/2025,12 tỷ,141 m²,3,2,"Tây Hồ, Hà Nội","Dự án Sunshine Golden River, Phường Phú Thượng, Tây Hồ, Hà Nội",https://batdongsan.com.vn/ban-can-ho-chung-cu-phuong-phu-thuong-1-prj-sunshine-golden-river/cap-nhat-quy-chuyen-nhuong-ciputra-gia-tot-nhat-thang-11-2024-pr41478184
"TRỰC TIẾP CĐT GAMUDALAND: MỞ BÁN TÒA A4 ĐẸP NHẤT EATON PARK, TT CHỈ 5% KÝ HĐMB - CK ĐẾN 10%","6,5 tỷ",56 m²,1,1,"Quận 2, Hồ Chí Minh","Dự án Eaton Park, Đường Mai Chí Thọ, Phường An Phú, Quận 2, Hồ Chí Minh",https://batdongsan.com.vn/ban-can-ho-chung-cu-duong-mai-chi-tho-phuong-an-phu-prj-eaton-park/truc-tiep-cdt-gamudaland-mo-ban-toa-a4-dep-nhat-tt-5-ky-hdmb-ck-den-10-pr42417625
BÁN CĂN NHẬT NGUYỆT 2 - 17 TỶ HƠN - ĐÔNG NAM - GẦN VINCOM VÀ TRƯỜNG HỌC - VINHOMES CỔ LOA,"17,3 tỷ","62,5 m²",5,5,"Đông Anh, Hà Nội","Dự án Vinhomes Cổ Loa, Đường Cổ Loa, Xã Đông Hội, Đông Anh, Hà Nội",https://batdongsan.com.vn/ban-nha-biet-thu-lien-ke-duong-co-loa-xa-dong-hoi-prj-vinhomes-co-loa/ban-can-nhat-nguyet-2-17-ty-hon-nam-gan-vinm-va-truong-hoc-loa-pr42366397
"CĂN HỘ VEN SÔNG HÀN SUN SYMPHONY ĐÀ NẴNG TÒASS23, CĂN 3PN VIEW TRỰC DIỆN SÔNG HÀN, GIÁ CĐT, CK 21%","10,58 tỷ","102,8 m²",3,3,"Sơn Trà, Đà Nẵng","Dự án Sun Symphony Residence, Đường Trần Hưng Đạo, Phường Nại Hiên Đông , Sơn Trà, Đà Nẵng",https://batdongsan.com.vn/ban-can-ho-chung-cu-duong-tran-hung-dao-phuong-nai-hien-dong-prj-sun-symphony-residence/-ven-song-han-sympny-da-nang-toa-s3-goc-3pn-view-truc-dien-song-phao-a-gia-cdt-pr42358556
"DUY NHẤT 01 CĂN **GIÃN XÂY 96M2** SIÊU HOT: ""HD2X-0X"" - GIÁ GỐC ĐỢT 1 RẺ + VỐN ĐẦU TƯ ÍT.",Giá thỏa thuận,96 m²,Không có thông tin phòng ngủ,Không có thông tin WC,"Đan Phượng, Hà Nội","Dự án Vinhomes Wonder Park, Xã Tân Hội, Đan Phượng, Hà Nội",https://batdongsan.com.vn/ban-nha-biet-thu-lien-ke-xa-tan-hoi-7-prj-vinhomes-wonder-city/-diem-ban-hang-chinh-thuc-du-an-quy-ngoai-giao-khung-hotline-091860666-pr42371160
CĂN HỘ ĐÀ NẴNG SYMPHONY NGAY SÔNG HÀN PHÁO HOA QUỐCTẾ GIÁ GỐC CĐT CHIẾT KHẤU CAO 21% SỞ HỮU LÂU DÀI,"4,95 tỷ",96 m²,3,2,"Sơn Trà, Đà Nẵng","Dự án Sun Symphony Residence, Đường Trần Hưng Đạo, Phường Nại Hiên Đông , Sơn Trà, Đà Nẵng",https://batdongsan.com.vn/ban-can-ho-chung-cu-duong-tran-hung-dao-phuong-nai-hien-dong-prj-sun-symphony-residence/-group-ban-shophouse-song-han-xay-dung-3-5-tang-so-huu-lau-dai-gd1-ck-16-5-von-chi-tu-5-ty-pr40554187
"SIÊU PHẨM 3PHÒNG NGỦ NHƯ 1CĂN PENTHOUSE VIEW TRỰC DIỆN SÔNG HÀN, PHÁO HOA DIFF CHIẾT KHẤU KHỦNG 21%","8,9 tỷ","98,3 m²",3,3,"Sơn Trà, Đà Nẵng","Dự án Sun Symphony Residence, Đường Trần Hưng Đạo, Phường Nại Hiên Đông , Sơn Trà, Đà Nẵng",https://batdongsan.com.vn/ban-can-ho-chung-cu-duong-tran-hung-dao-phuong-nai-hien-dong-prj-sun-symphony-residence/sieu-pham-3phong-ngu-nhu-1can-penthouse-view-truc-dien-song-han-phao-hoa-diff-chiet-khau-khung-21-pr42417484
ĐỘC QUYỀN SHOPHOUSE MẶT ĐƯỜNG LỚN 25M GIÁ SIÊU TỐT CHỈ TỪ 233TRIỆU/M2 TẠI VINHOMES CỔ LOA,"18,64 tỷ",80 m²,6,6,"Đông Anh, Hà Nội","Dự án Vinhomes Cổ Loa, Đường Cổ Loa, Xã Đông Hội, Đông Anh, Hà Nội",https://batdongsan.com.vn/ban-shophouse-nha-pho-thuong-mai-duong-co-loa-xa-dong-hoi-prj-vinhomes-co-loa/doc-quyen-mat-lon-25m-gia-sieu-tot-chi-tu-233trieu-m2-tai-loa-pr42417449
BÁN MASTERI THẢO ĐIỀN - CẬP NHẬT NHANH CHÓNG GIỎ HÀNG GIÁ TỐT NHẤT THỊ TRƯỜNG. HƯƠNG: 0937 886 ***,Giá thỏa thuận,70 m²,2,2,"Quận 2, Hồ Chí Minh","Dự án Masteri Thảo Điền, Đường Xa Lộ Hà Nội, Phường Thảo Điền, Quận 2, Hồ Chí Minh",https://batdongsan.com.vn/ban-can-ho-chung-cu-duong-xa-lo-ha-noi-phuong-thao-dien-prj-masteri-thao-dien/ban-cap-nhat-nhanh-chong-gio-hang-gia-tot-nhat-thi-truong-huong-pr41997204
"NỀN 100M DỰ ÁN SỞ VĂN HÓA TT GIÁ 3,8 TỶ GIÁ TỐT CẠNH TRANH NHẤT THỊ TRƯỜNG","3,8 tỷ",100 m²,Không có thông tin phòng ngủ,Không có thông tin WC,"Quận 9, Hồ Chí Minh","Dự án Khu dân cư Sở Văn Hóa Thông Tin, Đường Liên Phường, Phường Phú Hữu, Quận 9, Hồ Chí Minh",https://batdongsan.com.vn/ban-dat-nen-du-an-duong-lien-phuong-phuong-phu-huu-2-prj-khu-dan-cu-so-van-hoa-thong-tin/-tt-gia-re-can-ban-nhanh-nhan-ky-gui-ban-nhanh-trong-5-ngay-pr18232619
GẦN PHÁO HOA DIFF GIỎ HÀNG ĐỘC QUYỀN CĐT SUN GR QUỸ CĂN 2PN CHIẾT KHẤU CÒN 4.6TỶ VÀ 3PN CÒN 5.8 TỶ,Giá thỏa thuận,89 m²,2,2,"Ngũ Hành Sơn, Đà Nẵng","Dự án Sun Cosmo Residence, Đường Trần Thị Lý, Phường Mỹ An, Ngũ Hành Sơn, Đà Nẵng",https://batdongsan.com.vn/ban-can-ho-chung-cu-duong-tran-thi-ly-phuong-my-an-prj-sun-cosmo-residence/chinh-chu-ket-tien-cat-lo-ng-mat-song-h-downtown-helio-va-huong-ra-khu-p-tay-thuong-pr41216929
QUỸ CĂN NGOẠI GIAO DIỆN TÍCH TỪ 88M2 - 96M2 - 120M2 - 136M2 VINHOMES ĐAN PHƯỢNG,Giá thỏa thuận,96 m²,3,5,"Đan Phượng, Hà Nội","Dự án Vinhomes Wonder Park, Xã Tân Hội, Đan Phượng, Hà Nội",https://batdongsan.com.vn/ban-nha-biet-thu-lien-ke-xa-tan-hoi-7-prj-vinhomes-wonder-city/mo-ban-quy-can-ngoai-giao-dien-tich-tu-88m2-96m-120m-136m-dan-phuong-pr42343159
"BÁN GẤP SHOPHOUSE VINHOMES OCEAN PARK 3 DIỆN TÍCH SỬ DỤNG GẦN 300M2 SÀN, ĐƠN GIÁ CHỈ 122TR/M2","9,2 tỷ",75 m²,5,5,"Văn Giang, Hưng Yên","Dự án The Crown - Vinhomes Ocean Park 3, Xã Nghĩa Trụ, Văn Giang, Hưng Yên",https://batdongsan.com.vn/ban-nha-biet-thu-lien-ke-xa-nghia-tru-prj-the-crown-vinhomes-ocean-park-3/duy-nhat-can-shophouse-gan-chung-cu-gia-re-tiem-nang-tang-gia-mua-la-thang-pr42157030
CHÍNH CHỦ BÁN CĂN LK 96M2 RẺ NHẤT DỰ ÁN VINHOMES WONDER CITY ĐAN PHƯỢNG LH:0987 758 ***,Giá thỏa thuận,96 m²,Không có thông tin phòng ngủ,Không có thông tin WC,"Đan Phượng, Hà Nội","Dự án Vinhomes Wonder Park, Xã Tân Hội, Đan Phượng, Hà Nội",https://batdongsan.com.vn/ban-nha-biet-thu-lien-ke-xa-tan-hoi-7-prj-vinhomes-wonder-city/can-ban-can-96m-re-nhat-du-an-dan-phuong-pr42377390
"DỰ ÁN MỚI ĐH QUỐC GIA NGAY VÒNG XOAY NGUYỄN DUY TRINH (SÁT MELOSA), GLOBAL CITY 200M GIÁ 38 TR/M","7,37 tỷ",189 m²,Không có thông tin phòng ngủ,Không có thông tin WC,"Quận 9, Hồ Chí Minh","Đường Gò Cát, Phường Phú Hữu, Quận 9, Hồ Chí Minh",https://batdongsan.com.vn/ban-dat-nen-du-an-duong-go-cat-phuong-phu-huu-2/chinh-chu-gui-b-dai-hoc-quoc-gia-245-ong-gho-qu-9-gia-moi-3-2022-pr32556689
"MỞ BÁN BIỆT THỰ TỨ LẬP ÁNH DƯƠNG VIEW TRỰC DIỆN BIỂN HỒ, HTLS 30 THÁNG, NHẬN NHÀ Ở NGAY, SỔ LÂU DÀI","17,7 tỷ",120 m²,5,3,"Văn Giang, Hưng Yên","Dự án The Crown - Vinhomes Ocean Park 3, Xã Nghĩa Trụ, Văn Giang, Hưng Yên",https://batdongsan.com.vn/ban-nha-biet-thu-lien-ke-xa-nghia-tru-prj-the-crown-vinhomes-ocean-park-3/mo-ban-tu-lap-anh-duong-view-truc-dien-bien-ho-htls-30-thang-n-o-ngay-so-lau-dai-pr42323135
Tổng hợp lãi suất vay mua bất động sản ưu đãi nhất thị trường,Vay mua nhà,Không tìm thấy diện tích,Không có thông tin phòng ngủ,Không có thông tin WC,Không có thông tin vị trí,Không có địa chỉ chi tiết,https://vaymuanha.batdongsan.com.vn/?utm_source=propertyguru&utm_medium=referral&utm_campaign=native_ads_srp
